province,year,category,batch,control_score,score,score_range,segment_count,cumulative_count,rank_range
甘肃,2025,物理类,本科批,374,670.0,670-750,37,37,1-37
甘肃,2025,物理类,本科批,374,669.0,669,4,41,38-41
甘肃,2025,物理类,本科批,374,668.0,668,3,44,42-44
甘肃,2025,物理类,本科批,374,667.0,667,6,50,45-50
甘肃,2025,物理类,本科批,374,666.0,666,8,58,51-58
甘肃,2025,物理类,本科批,374,665.0,665,7,65,59-65
甘肃,2025,物理类,本科批,374,664.0,664,6,71,66-71
甘肃,2025,物理类,本科批,374,663.0,663,6,77,72-77
甘肃,2025,物理类,本科批,374,662.0,662,11,88,78-88
甘肃,2025,物理类,本科批,374,661.0,661,10,98,89-98
甘肃,2025,物理类,本科批,374,660.0,660,13,111,99-111
甘肃,2025,物理类,本科批,374,659.0,659,8,119,112-119
甘肃,2025,物理类,本科批,374,658.0,658,14,133,120-133
甘肃,2025,物理类,本科批,374,657.0,657,14,147,134-147
甘肃,2025,物理类,本科批,374,656.0,656,11,158,148-158
甘肃,2025,物理类,本科批,374,655.0,655,11,169,159-169
甘肃,2025,物理类,本科批,374,654.0,654,13,182,170-182
甘肃,2025,物理类,本科批,374,653.0,653,23,205,183-205
甘肃,2025,物理类,本科批,374,652.0,652,20,225,206-225
甘肃,2025,物理类,本科批,374,651.0,651,14,239,226-239
甘肃,2025,物理类,本科批,374,650.0,650,26,265,240-265
甘肃,2025,物理类,本科批,374,649.0,649,18,283,266-283
甘肃,2025,物理类,本科批,374,648.0,648,24,307,284-307
甘肃,2025,物理类,本科批,374,647.0,647,22,329,308-329
甘肃,2025,物理类,本科批,374,646.0,646,19,348,330-348
甘肃,2025,物理类,本科批,374,645.0,645,28,376,349-376
甘肃,2025,物理类,本科批,374,644.0,644,32,408,377-408
甘肃,2025,物理类,本科批,374,643.0,643,26,434,409-434
甘肃,2025,物理类,本科批,374,642.0,642,30,464,435-464
甘肃,2025,物理类,本科批,374,641.0,641,37,501,465-501
甘肃,2025,物理类,本科批,374,640.0,640,30,531,502-531
甘肃,2025,物理类,本科批,374,639.0,639,40,571,532-571
甘肃,2025,物理类,本科批,374,638.0,638,40,611,572-611
甘肃,2025,物理类,本科批,374,637.0,637,42,653,612-653
甘肃,2025,物理类,本科批,374,636.0,636,36,689,654-689
甘肃,2025,物理类,本科批,374,635.0,635,39,728,690-728
甘肃,2025,物理类,本科批,374,634.0,634,43,771,729-771
甘肃,2025,物理类,本科批,374,633.0,633,34,805,772-805
甘肃,2025,物理类,本科批,374,632.0,632,47,852,806-852
甘肃,2025,物理类,本科批,374,631.0,631,37,889,853-889
甘肃,2025,物理类,本科批,374,630.0,630,37,926,890-926
甘肃,2025,物理类,本科批,374,629.0,629,54,980,927-980
甘肃,2025,物理类,本科批,374,628.0,628,53,1033,981-1033
甘肃,2025,物理类,本科批,374,627.0,627,63,1096,1034-1096
甘肃,2025,物理类,本科批,374,626.0,626,57,1153,1097-1153
甘肃,2025,物理类,本科批,374,625.0,625,66,1219,1154-1219
甘肃,2025,物理类,本科批,374,624.0,624,67,1286,1220-1286
甘肃,2025,物理类,本科批,374,623.0,623,54,1340,1287-1340
甘肃,2025,物理类,本科批,374,622.0,622,67,1407,1341-1407
甘肃,2025,物理类,本科批,374,621.0,621,71,1478,1408-1478
甘肃,2025,物理类,本科批,374,620.0,620,58,1536,1479-1536
甘肃,2025,物理类,本科批,374,619.0,619,80,1616,1537-1616
甘肃,2025,物理类,本科批,374,618.0,618,66,1682,1617-1682
甘肃,2025,物理类,本科批,374,617.0,617,82,1764,1683-1764
甘肃,2025,物理类,本科批,374,616.0,616,84,1848,1765-1848
甘肃,2025,物理类,本科批,374,615.0,615,77,1925,1849-1925
甘肃,2025,物理类,本科批,374,614.0,614,78,2003,1926-2003
甘肃,2025,物理类,本科批,374,613.0,613,90,2093,2004-2093
甘肃,2025,物理类,本科批,374,612.0,612,92,2185,2094-2185
甘肃,2025,物理类,本科批,374,611.0,611,95,2280,2186-2280
甘肃,2025,物理类,本科批,374,610.0,610,77,2357,2281-2357
甘肃,2025,物理类,本科批,374,609.0,609,99,2456,2358-2456
甘肃,2025,物理类,本科批,374,608.0,608,98,2554,2457-2554
甘肃,2025,物理类,本科批,374,607.0,607,100,2654,2555-2654
甘肃,2025,物理类,本科批,374,606.0,606,107,2761,2655-2761
甘肃,2025,物理类,本科批,374,605.0,605,105,2866,2762-2866
甘肃,2025,物理类,本科批,374,604.0,604,96,2962,2867-2962
甘肃,2025,物理类,本科批,374,603.0,603,104,3066,2963-3066
甘肃,2025,物理类,本科批,374,602.0,602,117,3183,3067-3183
甘肃,2025,物理类,本科批,374,601.0,601,83,3266,3184-3266
甘肃,2025,物理类,本科批,374,600.0,600,100,3366,3267-3366
甘肃,2025,物理类,本科批,374,599.0,599,111,3477,3367-3477
甘肃,2025,物理类,本科批,374,598.0,598,101,3578,3478-3578
甘肃,2025,物理类,本科批,374,597.0,597,145,3723,3579-3723
甘肃,2025,物理类,本科批,374,596.0,596,123,3846,3724-3846
甘肃,2025,物理类,本科批,374,595.0,595,124,3970,3847-3970
甘肃,2025,物理类,本科批,374,594.0,594,128,4098,3971-4098
甘肃,2025,物理类,本科批,374,593.0,593,120,4218,4099-4218
甘肃,2025,物理类,本科批,374,592.0,592,117,4335,4219-4335
甘肃,2025,物理类,本科批,374,591.0,591,139,4474,4336-4474
甘肃,2025,物理类,本科批,374,590.0,590,126,4600,4475-4600
甘肃,2025,物理类,本科批,374,589.0,589,131,4731,4601-4731
甘肃,2025,物理类,本科批,374,588.0,588,136,4867,4732-4867
甘肃,2025,物理类,本科批,374,587.0,587,131,4998,4868-4998
甘肃,2025,物理类,本科批,374,586.0,586,136,5134,4999-5134
甘肃,2025,物理类,本科批,374,585.0,585,158,5292,5135-5292
甘肃,2025,物理类,本科批,374,584.0,584,155,5447,5293-5447
甘肃,2025,物理类,本科批,374,583.0,583,173,5620,5448-5620
甘肃,2025,物理类,本科批,374,582.0,582,136,5756,5621-5756
甘肃,2025,物理类,本科批,374,581.0,581,158,5914,5757-5914
甘肃,2025,物理类,本科批,374,580.0,580,152,6066,5915-6066
甘肃,2025,物理类,本科批,374,579.0,579,140,6206,6067-6206
甘肃,2025,物理类,本科批,374,578.0,578,186,6392,6207-6392
甘肃,2025,物理类,本科批,374,577.0,577,160,6552,6393-6552
甘肃,2025,物理类,本科批,374,576.0,576,173,6725,6553-6725
甘肃,2025,物理类,本科批,374,575.0,575,186,6911,6726-6911
甘肃,2025,物理类,本科批,374,574.0,574,186,7097,6912-7097
甘肃,2025,物理类,本科批,374,573.0,573,177,7274,7098-7274
甘肃,2025,物理类,本科批,374,572.0,572,185,7459,7275-7459
甘肃,2025,物理类,本科批,374,571.0,571,167,7626,7460-7626
甘肃,2025,物理类,本科批,374,570.0,570,186,7812,7627-7812
甘肃,2025,物理类,本科批,374,569.0,569,201,8013,7813-8013
甘肃,2025,物理类,本科批,374,568.0,568,175,8188,8014-8188
甘肃,2025,物理类,本科批,374,567.0,567,204,8392,8189-8392
甘肃,2025,物理类,本科批,374,566.0,566,205,8597,8393-8597
甘肃,2025,物理类,本科批,374,565.0,565,199,8796,8598-8796
甘肃,2025,物理类,本科批,374,564.0,564,218,9014,8797-9014
甘肃,2025,物理类,本科批,374,563.0,563,202,9216,9015-9216
甘肃,2025,物理类,本科批,374,562.0,562,187,9403,9217-9403
甘肃,2025,物理类,本科批,374,561.0,561,220,9623,9404-9623
甘肃,2025,物理类,本科批,374,560.0,560,236,9859,9624-9859
甘肃,2025,物理类,本科批,374,559.0,559,227,10086,9860-10086
甘肃,2025,物理类,本科批,374,558.0,558,225,10311,10087-10311
甘肃,2025,物理类,本科批,374,557.0,557,248,10559,10312-10559
甘肃,2025,物理类,本科批,374,556.0,556,215,10774,10560-10774
甘肃,2025,物理类,本科批,374,555.0,555,191,10965,10775-10965
甘肃,2025,物理类,本科批,374,554.0,554,220,11185,10966-11185
甘肃,2025,物理类,本科批,374,553.0,553,226,11411,11186-11411
甘肃,2025,物理类,本科批,374,552.0,552,264,11675,11412-11675
甘肃,2025,物理类,本科批,374,551.0,551,240,11915,11676-11915
甘肃,2025,物理类,本科批,374,550.0,550,248,12163,11916-12163
甘肃,2025,物理类,本科批,374,549.0,549,237,12400,12164-12400
甘肃,2025,物理类,本科批,374,548.0,548,233,12633,12401-12633
甘肃,2025,物理类,本科批,374,547.0,547,248,12881,12634-12881
甘肃,2025,物理类,本科批,374,546.0,546,231,13112,12882-13112
甘肃,2025,物理类,本科批,374,545.0,545,242,13354,13113-13354
甘肃,2025,物理类,本科批,374,544.0,544,288,13642,13355-13642
甘肃,2025,物理类,本科批,374,543.0,543,267,13909,13643-13909
甘肃,2025,物理类,本科批,374,542.0,542,303,14212,13910-14212
甘肃,2025,物理类,本科批,374,541.0,541,279,14491,14213-14491
甘肃,2025,物理类,本科批,374,540.0,540,284,14775,14492-14775
甘肃,2025,物理类,本科批,374,539.0,539,279,15054,14776-15054
甘肃,2025,物理类,本科批,374,538.0,538,324,15378,15055-15378
甘肃,2025,物理类,本科批,374,537.0,537,272,15650,15379-15650
甘肃,2025,物理类,本科批,374,536.0,536,304,15954,15651-15954
甘肃,2025,物理类,本科批,374,535.0,535,244,16198,15955-16198
甘肃,2025,物理类,本科批,374,534.0,534,274,16472,16199-16472
甘肃,2025,物理类,本科批,374,533.0,533,327,16799,16473-16799
甘肃,2025,物理类,本科批,374,532.0,532,328,17127,16800-17127
甘肃,2025,物理类,本科批,374,531.0,531,323,17450,17128-17450
甘肃,2025,物理类,本科批,374,530.0,530,317,17767,17451-17767
甘肃,2025,物理类,本科批,374,529.0,529,319,18086,17768-18086
甘肃,2025,物理类,本科批,374,528.0,528,323,18409,18087-18409
甘肃,2025,物理类,本科批,374,527.0,527,309,18718,18410-18718
甘肃,2025,物理类,本科批,374,526.0,526,292,19010,18719-19010
甘肃,2025,物理类,本科批,374,525.0,525,354,19364,19011-19364
甘肃,2025,物理类,本科批,374,524.0,524,341,19705,19365-19705
甘肃,2025,物理类,本科批,374,523.0,523,337,20042,19706-20042
甘肃,2025,物理类,本科批,374,522.0,522,364,20406,20043-20406
甘肃,2025,物理类,本科批,374,521.0,521,344,20750,20407-20750
甘肃,2025,物理类,本科批,374,520.0,520,330,21080,20751-21080
甘肃,2025,物理类,本科批,374,519.0,519,348,21428,21081-21428
甘肃,2025,物理类,本科批,374,518.0,518,368,21796,21429-21796
甘肃,2025,物理类,本科批,374,517.0,517,357,22153,21797-22153
甘肃,2025,物理类,本科批,374,516.0,516,360,22513,22154-22513
甘肃,2025,物理类,本科批,374,515.0,515,340,22853,22514-22853
甘肃,2025,物理类,本科批,374,514.0,514,389,23242,22854-23242
甘肃,2025,物理类,本科批,374,513.0,513,324,23566,23243-23566
甘肃,2025,物理类,本科批,374,512.0,512,374,23940,23567-23940
甘肃,2025,物理类,本科批,374,511.0,511,402,24342,23941-24342
甘肃,2025,物理类,本科批,374,510.0,510,360,24702,24343-24702
甘肃,2025,物理类,本科批,374,509.0,509,369,25071,24703-25071
甘肃,2025,物理类,本科批,374,508.0,508,388,25459,25072-25459
甘肃,2025,物理类,本科批,374,507.0,507,397,25856,25460-25856
甘肃,2025,物理类,本科批,374,506.0,506,372,26228,25857-26228
甘肃,2025,物理类,本科批,374,505.0,505,388,26616,26229-26616
甘肃,2025,物理类,本科批,374,504.0,504,385,27001,26617-27001
甘肃,2025,物理类,本科批,374,503.0,503,425,27426,27002-27426
甘肃,2025,物理类,本科批,374,502.0,502,438,27864,27427-27864
甘肃,2025,物理类,本科批,374,501.0,501,403,28267,27865-28267
甘肃,2025,物理类,本科批,374,500.0,500,377,28644,28268-28644
甘肃,2025,物理类,本科批,374,499.0,499,392,29036,28645-29036
甘肃,2025,物理类,本科批,374,498.0,498,410,29446,29037-29446
甘肃,2025,物理类,本科批,374,497.0,497,387,29833,29447-29833
甘肃,2025,物理类,本科批,374,496.0,496,409,30242,29834-30242
甘肃,2025,物理类,本科批,374,495.0,495,481,30723,30243-30723
甘肃,2025,物理类,本科批,374,494.0,494,388,31111,30724-31111
甘肃,2025,物理类,本科批,374,493.0,493,463,31574,31112-31574
甘肃,2025,物理类,本科批,374,492.0,492,411,31985,31575-31985
甘肃,2025,物理类,本科批,374,491.0,491,401,32386,31986-32386
甘肃,2025,物理类,本科批,374,490.0,490,443,32829,32387-32829
甘肃,2025,物理类,本科批,374,489.0,489,464,33293,32830-33293
甘肃,2025,物理类,本科批,374,488.0,488,422,33715,33294-33715
甘肃,2025,物理类,本科批,374,487.0,487,421,34136,33716-34136
甘肃,2025,物理类,本科批,374,486.0,486,431,34567,34137-34567
甘肃,2025,物理类,本科批,374,485.0,485,440,35007,34568-35007
甘肃,2025,物理类,本科批,374,484.0,484,438,35445,35008-35445
甘肃,2025,物理类,本科批,374,483.0,483,455,35900,35446-35900
甘肃,2025,物理类,本科批,374,482.0,482,444,36344,35901-36344
甘肃,2025,物理类,本科批,374,481.0,481,443,36787,36345-36787
甘肃,2025,物理类,本科批,374,480.0,480,480,37267,36788-37267
甘肃,2025,物理类,本科批,374,479.0,479,474,37741,37268-37741
甘肃,2025,物理类,本科批,374,478.0,478,470,38211,37742-38211
甘肃,2025,物理类,本科批,374,477.0,477,486,38697,38212-38697
甘肃,2025,物理类,本科批,374,476.0,476,477,39174,38698-39174
甘肃,2025,物理类,本科批,374,475.0,475,482,39656,39175-39656
甘肃,2025,物理类,本科批,374,474.0,474,476,40132,39657-40132
甘肃,2025,物理类,本科批,374,473.0,473,473,40605,40133-40605
甘肃,2025,物理类,本科批,374,472.0,472,480,41085,40606-41085
甘肃,2025,物理类,本科批,374,471.0,471,502,41587,41086-41587
甘肃,2025,物理类,本科批,374,470.0,470,495,42082,41588-42082
甘肃,2025,物理类,本科批,374,469.0,469,480,42562,42083-42562
甘肃,2025,物理类,本科批,374,468.0,468,535,43097,42563-43097
甘肃,2025,物理类,本科批,374,467.0,467,473,43570,43098-43570
甘肃,2025,物理类,本科批,374,466.0,466,518,44088,43571-44088
甘肃,2025,物理类,本科批,374,465.0,465,536,44624,44089-44624
甘肃,2025,物理类,本科批,374,464.0,464,514,45138,44625-45138
甘肃,2025,物理类,本科批,374,463.0,463,516,45654,45139-45654
甘肃,2025,物理类,本科批,374,462.0,462,546,46200,45655-46200
甘肃,2025,物理类,本科批,374,461.0,461,510,46710,46201-46710
甘肃,2025,物理类,本科批,374,460.0,460,516,47226,46711-47226
甘肃,2025,物理类,本科批,374,459.0,459,516,47742,47227-47742
甘肃,2025,物理类,本科批,374,458.0,458,504,48246,47743-48246
甘肃,2025,物理类,本科批,374,457.0,457,531,48777,48247-48777
甘肃,2025,物理类,本科批,374,456.0,456,511,49288,48778-49288
甘肃,2025,物理类,本科批,374,455.0,455,569,49857,49289-49857
甘肃,2025,物理类,本科批,374,454.0,454,530,50387,49858-50387
甘肃,2025,物理类,本科批,374,453.0,453,534,50921,50388-50921
甘肃,2025,物理类,本科批,374,452.0,452,537,51458,50922-51458
甘肃,2025,物理类,本科批,374,451.0,451,537,51995,51459-51995
甘肃,2025,物理类,本科批,374,450.0,450,558,52553,51996-52553
甘肃,2025,物理类,本科批,374,449.0,449,522,53075,52554-53075
甘肃,2025,物理类,本科批,374,448.0,448,546,53621,53076-53621
甘肃,2025,物理类,本科批,374,447.0,447,539,54160,53622-54160
甘肃,2025,物理类,本科批,374,446.0,446,529,54689,54161-54689
甘肃,2025,物理类,本科批,374,445.0,445,618,55307,54690-55307
甘肃,2025,物理类,本科批,374,444.0,444,569,55876,55308-55876
甘肃,2025,物理类,本科批,374,443.0,443,537,56413,55877-56413
甘肃,2025,物理类,本科批,374,442.0,442,542,56955,56414-56955
甘肃,2025,物理类,本科批,374,441.0,441,571,57526,56956-57526
甘肃,2025,物理类,本科批,374,440.0,440,536,58062,57527-58062
甘肃,2025,物理类,本科批,374,439.0,439,573,58635,58063-58635
甘肃,2025,物理类,本科批,374,438.0,438,536,59171,58636-59171
甘肃,2025,物理类,本科批,374,437.0,437,566,59737,59172-59737
甘肃,2025,物理类,本科批,374,436.0,436,550,60287,59738-60287
甘肃,2025,物理类,本科批,374,435.0,435,581,60868,60288-60868
甘肃,2025,物理类,本科批,374,434.0,434,546,61414,60869-61414
甘肃,2025,物理类,本科批,374,433.0,433,546,61960,61415-61960
甘肃,2025,物理类,本科批,374,432.0,432,545,62505,61961-62505
甘肃,2025,物理类,本科批,374,431.0,431,574,63079,62506-63079
甘肃,2025,物理类,本科批,374,430.0,430,546,63625,63080-63625
甘肃,2025,物理类,本科批,374,429.0,429,581,64206,63626-64206
甘肃,2025,物理类,本科批,374,428.0,428,594,64800,64207-64800
甘肃,2025,物理类,本科批,374,427.0,427,545,65345,64801-65345
甘肃,2025,物理类,本科批,374,426.0,426,537,65882,65346-65882
甘肃,2025,物理类,本科批,374,425.0,425,569,66451,65883-66451
甘肃,2025,物理类,本科批,374,424.0,424,595,67046,66452-67046
甘肃,2025,物理类,本科批,374,423.0,423,591,67637,67047-67637
甘肃,2025,物理类,本科批,374,422.0,422,592,68229,67638-68229
甘肃,2025,物理类,本科批,374,421.0,421,586,68815,68230-68815
甘肃,2025,物理类,本科批,374,420.0,420,571,69386,68816-69386
甘肃,2025,物理类,本科批,374,419.0,419,539,69925,69387-69925
甘肃,2025,物理类,本科批,374,418.0,418,555,70480,69926-70480
甘肃,2025,物理类,本科批,374,417.0,417,569,71049,70481-71049
甘肃,2025,物理类,本科批,374,416.0,416,578,71627,71050-71627
甘肃,2025,物理类,本科批,374,415.0,415,549,72176,71628-72176
甘肃,2025,物理类,本科批,374,414.0,414,550,72726,72177-72726
甘肃,2025,物理类,本科批,374,413.0,413,545,73271,72727-73271
甘肃,2025,物理类,本科批,374,412.0,412,538,73809,73272-73809
甘肃,2025,物理类,本科批,374,411.0,411,575,74384,73810-74384
甘肃,2025,物理类,本科批,374,410.0,410,562,74946,74385-74946
甘肃,2025,物理类,本科批,374,409.0,409,585,75531,74947-75531
甘肃,2025,物理类,本科批,374,408.0,408,568,76099,75532-76099
甘肃,2025,物理类,本科批,374,407.0,407,589,76688,76100-76688
甘肃,2025,物理类,本科批,374,406.0,406,556,77244,76689-77244
甘肃,2025,物理类,本科批,374,405.0,405,541,77785,77245-77785
甘肃,2025,物理类,本科批,374,404.0,404,592,78377,77786-78377
甘肃,2025,物理类,本科批,374,403.0,403,575,78952,78378-78952
甘肃,2025,物理类,本科批,374,402.0,402,547,79499,78953-79499
甘肃,2025,物理类,本科批,374,401.0,401,526,80025,79500-80025
甘肃,2025,物理类,本科批,374,400.0,400,519,80544,80026-80544
甘肃,2025,物理类,本科批,374,399.0,399,546,81090,80545-81090
甘肃,2025,物理类,本科批,374,398.0,398,579,81669,81091-81669
甘肃,2025,物理类,本科批,374,397.0,397,541,82210,81670-82210
甘肃,2025,物理类,本科批,374,396.0,396,534,82744,82211-82744
甘肃,2025,物理类,本科批,374,395.0,395,545,83289,82745-83289
甘肃,2025,物理类,本科批,374,394.0,394,546,83835,83290-83835
甘肃,2025,物理类,本科批,374,393.0,393,547,84382,83836-84382
甘肃,2025,物理类,本科批,374,392.0,392,481,84863,84383-84863
甘肃,2025,物理类,本科批,374,391.0,391,554,85417,84864-85417
甘肃,2025,物理类,本科批,374,390.0,390,493,85910,85418-85910
甘肃,2025,物理类,本科批,374,389.0,389,520,86430,85911-86430
甘肃,2025,物理类,本科批,374,388.0,388,492,86922,86431-86922
甘肃,2025,物理类,本科批,374,387.0,387,490,87412,86923-87412
甘肃,2025,物理类,本科批,374,386.0,386,530,87942,87413-87942
甘肃,2025,物理类,本科批,374,385.0,385,508,88450,87943-88450
甘肃,2025,物理类,本科批,374,384.0,384,499,88949,88451-88949
甘肃,2025,物理类,本科批,374,383.0,383,532,89481,88950-89481
甘肃,2025,物理类,本科批,374,382.0,382,477,89958,89482-89958
甘肃,2025,物理类,本科批,374,381.0,381,505,90463,89959-90463
甘肃,2025,物理类,本科批,374,380.0,380,468,90931,90464-90931
甘肃,2025,物理类,本科批,374,379.0,379,495,91426,90932-91426
甘肃,2025,物理类,本科批,374,378.0,378,472,91898,91427-91898
甘肃,2025,物理类,本科批,374,377.0,377,463,92361,91899-92361
甘肃,2025,物理类,本科批,374,376.0,376,449,92810,92362-92810
甘肃,2025,物理类,本科批,374,375.0,375,488,93298,92811-93298
甘肃,2025,物理类,本科批,374,374.0,374,490,93788,93299-93788
甘肃,2025,物理类,专科批,180,373.0,373,468,94256,93789-94256
甘肃,2025,物理类,专科批,180,372.0,372,478,94734,94257-94734
甘肃,2025,物理类,专科批,180,371.0,371,430,95164,94735-95164
甘肃,2025,物理类,专科批,180,370.0,370,467,95631,95165-95631
甘肃,2025,物理类,专科批,180,369.0,369,471,96102,95632-96102
甘肃,2025,物理类,专科批,180,368.0,368,439,96541,96103-96541
甘肃,2025,物理类,专科批,180,367.0,367,432,96973,96542-96973
甘肃,2025,物理类,专科批,180,366.0,366,414,97387,96974-97387
甘肃,2025,物理类,专科批,180,365.0,365,418,97805,97388-97805
甘肃,2025,物理类,专科批,180,364.0,364,437,98242,97806-98242
甘肃,2025,物理类,专科批,180,363.0,363,385,98627,98243-98627
甘肃,2025,物理类,专科批,180,362.0,362,413,99040,98628-99040
甘肃,2025,物理类,专科批,180,361.0,361,404,99444,99041-99444
甘肃,2025,物理类,专科批,180,360.0,360,373,99817,99445-99817
甘肃,2025,物理类,专科批,180,359.0,359,434,100251,99818-100251
甘肃,2025,物理类,专科批,180,358.0,358,388,100639,100252-100639
甘肃,2025,物理类,专科批,180,357.0,357,420,101059,100640-101059
甘肃,2025,物理类,专科批,180,356.0,356,391,101450,101060-101450
甘肃,2025,物理类,专科批,180,355.0,355,373,101823,101451-101823
甘肃,2025,物理类,专科批,180,354.0,354,337,102160,101824-102160
甘肃,2025,物理类,专科批,180,353.0,353,350,102510,102161-102510
甘肃,2025,物理类,专科批,180,352.0,352,391,102901,102511-102901
甘肃,2025,物理类,专科批,180,351.0,351,323,103224,102902-103224
甘肃,2025,物理类,专科批,180,350.0,350,374,103598,103225-103598
甘肃,2025,物理类,专科批,180,349.0,349,353,103951,103599-103951
甘肃,2025,物理类,专科批,180,348.0,348,360,104311,103952-104311
甘肃,2025,物理类,专科批,180,347.0,347,352,104663,104312-104663
甘肃,2025,物理类,专科批,180,346.0,346,354,105017,104664-105017
甘肃,2025,物理类,专科批,180,345.0,345,347,105364,105018-105364
甘肃,2025,物理类,专科批,180,344.0,344,317,105681,105365-105681
甘肃,2025,物理类,专科批,180,343.0,343,322,106003,105682-106003
甘肃,2025,物理类,专科批,180,342.0,342,310,106313,106004-106313
甘肃,2025,物理类,专科批,180,341.0,341,317,106630,106314-106630
甘肃,2025,物理类,专科批,180,340.0,340,326,106956,106631-106956
甘肃,2025,物理类,专科批,180,339.0,339,299,107255,106957-107255
甘肃,2025,物理类,专科批,180,338.0,338,307,107562,107256-107562
甘肃,2025,物理类,专科批,180,337.0,337,272,107834,107563-107834
甘肃,2025,物理类,专科批,180,336.0,336,275,108109,107835-108109
甘肃,2025,物理类,专科批,180,335.0,335,289,108398,108110-108398
甘肃,2025,物理类,专科批,180,334.0,334,296,108694,108399-108694
甘肃,2025,物理类,专科批,180,333.0,333,283,108977,108695-108977
甘肃,2025,物理类,专科批,180,332.0,332,261,109238,108978-109238
甘肃,2025,物理类,专科批,180,331.0,331,267,109505,109239-109505
甘肃,2025,物理类,专科批,180,330.0,330,270,109775,109506-109775
甘肃,2025,物理类,专科批,180,329.0,329,229,110004,109776-110004
甘肃,2025,物理类,专科批,180,328.0,328,240,110244,110005-110244
甘肃,2025,物理类,专科批,180,327.0,327,256,110500,110245-110500
甘肃,2025,物理类,专科批,180,326.0,326,267,110767,110501-110767
甘肃,2025,物理类,专科批,180,325.0,325,246,111013,110768-111013
甘肃,2025,物理类,专科批,180,324.0,324,239,111252,111014-111252
甘肃,2025,物理类,专科批,180,323.0,323,223,111475,111253-111475
甘肃,2025,物理类,专科批,180,322.0,322,213,111688,111476-111688
甘肃,2025,物理类,专科批,180,321.0,321,233,111921,111689-111921
甘肃,2025,物理类,专科批,180,320.0,320,210,112131,111922-112131
甘肃,2025,物理类,专科批,180,319.0,319,231,112362,112132-112362
甘肃,2025,物理类,专科批,180,318.0,318,203,112565,112363-112565
甘肃,2025,物理类,专科批,180,317.0,317,214,112779,112566-112779
甘肃,2025,物理类,专科批,180,316.0,316,213,112992,112780-112992
甘肃,2025,物理类,专科批,180,315.0,315,190,113182,112993-113182
甘肃,2025,物理类,专科批,180,314.0,314,202,113384,113183-113384
甘肃,2025,物理类,专科批,180,313.0,313,170,113554,113385-113554
甘肃,2025,物理类,专科批,180,312.0,312,179,113733,113555-113733
甘肃,2025,物理类,专科批,180,311.0,311,172,113905,113734-113905
甘肃,2025,物理类,专科批,180,310.0,310,183,114088,113906-114088
甘肃,2025,物理类,专科批,180,309.0,309,163,114251,114089-114251
甘肃,2025,物理类,专科批,180,308.0,308,179,114430,114252-114430
甘肃,2025,物理类,专科批,180,307.0,307,171,114601,114431-114601
甘肃,2025,物理类,专科批,180,306.0,306,180,114781,114602-114781
甘肃,2025,物理类,专科批,180,305.0,305,163,114944,114782-114944
甘肃,2025,物理类,专科批,180,304.0,304,178,115122,114945-115122
甘肃,2025,物理类,专科批,180,303.0,303,142,115264,115123-115264
甘肃,2025,物理类,专科批,180,302.0,302,149,115413,115265-115413
甘肃,2025,物理类,专科批,180,301.0,301,148,115561,115414-115561
甘肃,2025,物理类,专科批,180,300.0,300,148,115709,115562-115709
甘肃,2025,物理类,专科批,180,299.0,299,162,115871,115710-115871
甘肃,2025,物理类,专科批,180,298.0,298,128,115999,115872-115999
甘肃,2025,物理类,专科批,180,297.0,297,127,116126,116000-116126
甘肃,2025,物理类,专科批,180,296.0,296,132,116258,116127-116258
甘肃,2025,物理类,专科批,180,295.0,295,135,116393,116259-116393
甘肃,2025,物理类,专科批,180,294.0,294,122,116515,116394-116515
甘肃,2025,物理类,专科批,180,293.0,293,115,116630,116516-116630
甘肃,2025,物理类,专科批,180,292.0,292,104,116734,116631-116734
甘肃,2025,物理类,专科批,180,291.0,291,116,116850,116735-116850
甘肃,2025,物理类,专科批,180,290.0,290,101,116951,116851-116951
甘肃,2025,物理类,专科批,180,289.0,289,123,117074,116952-117074
甘肃,2025,物理类,专科批,180,288.0,288,108,117182,117075-117182
甘肃,2025,物理类,专科批,180,287.0,287,96,117278,117183-117278
甘肃,2025,物理类,专科批,180,286.0,286,111,117389,117279-117389
甘肃,2025,物理类,专科批,180,285.0,285,101,117490,117390-117490
甘肃,2025,物理类,专科批,180,284.0,284,111,117601,117491-117601
甘肃,2025,物理类,专科批,180,283.0,283,84,117685,117602-117685
甘肃,2025,物理类,专科批,180,282.0,282,92,117777,117686-117777
甘肃,2025,物理类,专科批,180,281.0,281,97,117874,117778-117874
甘肃,2025,物理类,专科批,180,280.0,280,95,117969,117875-117969
甘肃,2025,物理类,专科批,180,279.0,279,59,118028,117970-118028
甘肃,2025,物理类,专科批,180,278.0,278,82,118110,118029-118110
甘肃,2025,物理类,专科批,180,277.0,277,80,118190,118111-118190
甘肃,2025,物理类,专科批,180,276.0,276,72,118262,118191-118262
甘肃,2025,物理类,专科批,180,275.0,275,71,118333,118263-118333
甘肃,2025,物理类,专科批,180,274.0,274,74,118407,118334-118407
甘肃,2025,物理类,专科批,180,273.0,273,79,118486,118408-118486
甘肃,2025,物理类,专科批,180,272.0,272,78,118564,118487-118564
甘肃,2025,物理类,专科批,180,271.0,271,66,118630,118565-118630
甘肃,2025,物理类,专科批,180,270.0,270,67,118697,118631-118697
甘肃,2025,物理类,专科批,180,269.0,269,82,118779,118698-118779
甘肃,2025,物理类,专科批,180,268.0,268,63,118842,118780-118842
甘肃,2025,物理类,专科批,180,267.0,267,58,118900,118843-118900
甘肃,2025,物理类,专科批,180,266.0,266,61,118961,118901-118961
甘肃,2025,物理类,专科批,180,265.0,265,59,119020,118962-119020
甘肃,2025,物理类,专科批,180,264.0,264,68,119088,119021-119088
甘肃,2025,物理类,专科批,180,263.0,263,64,119152,119089-119152
甘肃,2025,物理类,专科批,180,262.0,262,55,119207,119153-119207
甘肃,2025,物理类,专科批,180,261.0,261,49,119256,119208-119256
甘肃,2025,物理类,专科批,180,260.0,260,51,119307,119257-119307
甘肃,2025,物理类,专科批,180,259.0,259,53,119360,119308-119360
甘肃,2025,物理类,专科批,180,258.0,258,43,119403,119361-119403
甘肃,2025,物理类,专科批,180,257.0,257,52,119455,119404-119455
甘肃,2025,物理类,专科批,180,256.0,256,47,119502,119456-119502
甘肃,2025,物理类,专科批,180,255.0,255,44,119546,119503-119546
甘肃,2025,物理类,专科批,180,254.0,254,43,119589,119547-119589
甘肃,2025,物理类,专科批,180,253.0,253,43,119632,119590-119632
甘肃,2025,物理类,专科批,180,252.0,252,39,119671,119633-119671
甘肃,2025,物理类,专科批,180,251.0,251,44,119715,119672-119715
甘肃,2025,物理类,专科批,180,250.0,250,41,119756,119716-119756
甘肃,2025,物理类,专科批,180,249.0,249,34,119790,119757-119790
甘肃,2025,物理类,专科批,180,248.0,248,28,119818,119791-119818
甘肃,2025,物理类,专科批,180,247.0,247,40,119858,119819-119858
甘肃,2025,物理类,专科批,180,246.0,246,36,119894,119859-119894
甘肃,2025,物理类,专科批,180,245.0,245,34,119928,119895-119928
甘肃,2025,物理类,专科批,180,244.0,244,31,119959,119929-119959
甘肃,2025,物理类,专科批,180,243.0,243,37,119996,119960-119996
甘肃,2025,物理类,专科批,180,242.0,242,20,120016,119997-120016
甘肃,2025,物理类,专科批,180,241.0,241,27,120043,120017-120043
甘肃,2025,物理类,专科批,180,240.0,240,37,120080,120044-120080
甘肃,2025,物理类,专科批,180,239.0,239,28,120108,120081-120108
甘肃,2025,物理类,专科批,180,238.0,238,24,120132,120109-120132
甘肃,2025,物理类,专科批,180,237.0,237,30,120162,120133-120162
甘肃,2025,物理类,专科批,180,236.0,236,31,120193,120163-120193
甘肃,2025,物理类,专科批,180,235.0,235,22,120215,120194-120215
甘肃,2025,物理类,专科批,180,234.0,234,21,120236,120216-120236
甘肃,2025,物理类,专科批,180,233.0,233,23,120259,120237-120259
甘肃,2025,物理类,专科批,180,232.0,232,16,120275,120260-120275
甘肃,2025,物理类,专科批,180,231.0,231,17,120292,120276-120292
甘肃,2025,物理类,专科批,180,230.0,230,28,120320,120293-120320
甘肃,2025,物理类,专科批,180,229.0,229,21,120341,120321-120341
甘肃,2025,物理类,专科批,180,228.0,228,23,120364,120342-120364
甘肃,2025,物理类,专科批,180,227.0,227,16,120380,120365-120380
甘肃,2025,物理类,专科批,180,226.0,226,13,120393,120381-120393
甘肃,2025,物理类,专科批,180,225.0,225,14,120407,120394-120407
甘肃,2025,物理类,专科批,180,224.0,224,11,120418,120408-120418
甘肃,2025,物理类,专科批,180,223.0,223,10,120428,120419-120428
甘肃,2025,物理类,专科批,180,222.0,222,14,120442,120429-120442
甘肃,2025,物理类,专科批,180,221.0,221,14,120456,120443-120456
甘肃,2025,物理类,专科批,180,220.0,220,10,120466,120457-120466
甘肃,2025,物理类,专科批,180,219.0,219,16,120482,120467-120482
甘肃,2025,物理类,专科批,180,218.0,218,14,120496,120483-120496
甘肃,2025,物理类,专科批,180,217.0,217,5,120501,120497-120501
甘肃,2025,物理类,专科批,180,216.0,216,12,120513,120502-120513
甘肃,2025,物理类,专科批,180,215.0,215,10,120523,120514-120523
甘肃,2025,物理类,专科批,180,214.0,214,6,120529,120524-120529
甘肃,2025,物理类,专科批,180,213.0,213,4,120533,120530-120533
甘肃,2025,物理类,专科批,180,212.0,212,10,120543,120534-120543
甘肃,2025,物理类,专科批,180,211.0,211,8,120551,120544-120551
甘肃,2025,物理类,专科批,180,210.0,210,9,120560,120552-120560
甘肃,2025,物理类,专科批,180,209.0,209,8,120568,120561-120568
甘肃,2025,物理类,专科批,180,208.0,208,7,120575,120569-120575
甘肃,2025,物理类,专科批,180,207.0,207,7,120582,120576-120582
甘肃,2025,物理类,专科批,180,206.0,206,8,120590,120583-120590
甘肃,2025,物理类,专科批,180,205.0,205,3,120593,120591-120593
甘肃,2025,物理类,专科批,180,204.0,204,3,120596,120594-120596
甘肃,2025,物理类,专科批,180,203.0,203,3,120599,120597-120599
甘肃,2025,物理类,专科批,180,202.0,202,6,120605,120600-120605
甘肃,2025,物理类,专科批,180,201.0,201,6,120611,120606-120611
甘肃,2025,物理类,专科批,180,200.0,200,3,120614,120612-120614
甘肃,2025,物理类,专科批,180,199.0,199,7,120621,120615-120621
甘肃,2025,物理类,专科批,180,198.0,198,6,120627,120622-120627
甘肃,2025,物理类,专科批,180,197.0,197,6,120633,120628-120633
甘肃,2025,物理类,专科批,180,196.0,196,4,120637,120634-120637
甘肃,2025,物理类,专科批,180,195.0,195,4,120641,120638-120641
甘肃,2025,物理类,专科批,180,194.0,194,3,120644,120642-120644
甘肃,2025,物理类,专科批,180,193.0,193,4,120648,120645-120648
甘肃,2025,物理类,专科批,180,192.0,192,4,120652,120649-120652
甘肃,2025,物理类,专科批,180,191.0,191,6,120658,120653-120658
甘肃,2025,物理类,专科批,180,190.0,190,2,120660,120659-120660
甘肃,2025,物理类,专科批,180,189.0,189,1,120661,120661-120661
甘肃,2025,物理类,专科批,180,188.0,188,2,120663,120662-120663
甘肃,2025,物理类,专科批,180,187.0,187,5,120668,120664-120668
甘肃,2025,物理类,专科批,180,186.0,186,2,120670,120669-120670
甘肃,2025,物理类,专科批,180,185.0,185,1,120671,120671-120671
甘肃,2025,物理类,专科批,180,184.0,184,2,120673,120672-120673
甘肃,2025,物理类,专科批,180,183.0,183,3,120676,120674-120676
甘肃,2025,物理类,专科批,180,182.0,182,1,120677,120677-120677
甘肃,2025,物理类,专科批,180,181.0,181,0,120677,120677-120677
甘肃,2025,物理类,专科批,180,180.0,180,0,120677,120677-120677
甘肃,2025,物理类,专科批,180,179.0,179,0,120677,120677-120677
甘肃,2025,物理类,专科批,180,178.0,178,2,120679,120678-120679
甘肃,2025,物理类,专科批,180,177.0,177,0,120679,120679-120679
甘肃,2025,物理类,专科批,180,176.0,176,3,120682,120680-120682
甘肃,2025,物理类,专科批,180,175.0,175,2,120684,120683-120684
甘肃,2025,物理类,专科批,180,174.0,174,2,120686,120685-120686
甘肃,2025,物理类,专科批,180,173.0,173,0,120686,120686-120686
甘肃,2025,物理类,专科批,180,172.0,172,3,120689,120687-120689
甘肃,2025,物理类,专科批,180,171.0,171,0,120689,120689-120689
甘肃,2025,物理类,专科批,180,170.0,170,3,120692,120690-120692
甘肃,2025,物理类,专科批,180,169.0,169,1,120693,120693-120693
甘肃,2025,物理类,专科批,180,168.0,168,2,120695,120694-120695
甘肃,2025,物理类,专科批,180,167.0,167,1,120696,120696-120696
甘肃,2025,物理类,专科批,180,166.0,166,1,120697,120697-120697
甘肃,2025,物理类,专科批,180,165.0,165,0,120697,120697-120697
甘肃,2025,物理类,专科批,180,164.0,164,1,120698,120698-120698
甘肃,2025,物理类,专科批,180,163.0,163,1,120699,120699-120699
甘肃,2025,物理类,专科批,180,162.0,162,2,120701,120700-120701
甘肃,2025,物理类,专科批,180,161.0,161,1,120702,120702-120702
甘肃,2025,物理类,专科批,180,160.0,160,0,120702,120702-120702
甘肃,2025,物理类,专科批,180,159.0,159,0,120702,120702-120702
甘肃,2025,物理类,专科批,180,158.0,158,0,120702,120702-120702
甘肃,2025,物理类,专科批,180,157.0,157,0,120702,120702-120702
甘肃,2025,物理类,专科批,180,156.0,156,2,120704,120703-120704
甘肃,2025,物理类,专科批,180,155.0,155,0,120704,120704-120704
甘肃,2025,物理类,专科批,180,154.0,154,2,120706,120705-120706
甘肃,2025,物理类,专科批,180,153.0,153,0,120706,120706-120706
甘肃,2025,物理类,专科批,180,152.0,152,0,120706,120706-120706
甘肃,2025,物理类,专科批,180,151.0,151,0,120706,120706-120706
甘肃,2025,物理类,专科批,180,150.0,150,0,120706,120706-120706
甘肃,2025,物理类,专科批,180,149.0,149,0,120706,120706-120706
甘肃,2025,物理类,专科批,180,148.0,148,0,120706,120706-120706
甘肃,2025,物理类,专科批,180,147.0,147,0,120706,120706-120706
甘肃,2025,物理类,专科批,180,146.0,146,1,120707,120707-120707
甘肃,2025,物理类,专科批,180,145.0,145,1,120708,120708-120708
甘肃,2025,物理类,专科批,180,144.0,144,1,120709,120709-120709
甘肃,2025,物理类,专科批,180,143.0,143,0,120709,120709-120709
甘肃,2025,物理类,专科批,180,142.0,142,2,120711,120710-120711
甘肃,2025,物理类,专科批,180,141.0,141,1,120712,120712-120712
甘肃,2025,物理类,专科批,180,140.0,140,0,120712,120712-120712
甘肃,2025,物理类,专科批,180,139.0,139,2,120714,120713-120714
甘肃,2025,物理类,专科批,180,138.0,138,0,120714,120714-120714
甘肃,2025,物理类,专科批,180,137.0,137,0,120714,120714-120714
甘肃,2025,物理类,专科批,180,136.0,136,1,120715,120715-120715
甘肃,2025,物理类,专科批,180,135.0,135,0,120715,120715-120715
甘肃,2025,物理类,专科批,180,134.0,134,0,120715,120715-120715
甘肃,2025,物理类,专科批,180,133.0,133,0,120715,120715-120715
甘肃,2025,物理类,专科批,180,132.0,132,1,120716,120716-120716
甘肃,2025,物理类,专科批,180,131.0,131,0,120716,120716-120716
甘肃,2025,物理类,专科批,180,130.0,130,2,120718,120717-120718
甘肃,2025,物理类,专科批,180,129.0,129,0,120718,120718-120718
甘肃,2025,物理类,专科批,180,128.0,128,0,120718,120718-120718
甘肃,2025,物理类,专科批,180,127.0,127,0,120718,120718-120718
甘肃,2025,物理类,专科批,180,126.0,126,0,120718,120718-120718
甘肃,2025,物理类,专科批,180,125.0,125,0,120718,120718-120718
甘肃,2025,物理类,专科批,180,124.0,124,0,120718,120718-120718
甘肃,2025,物理类,专科批,180,123.0,123,0,120718,120718-120718
甘肃,2025,物理类,专科批,180,122.0,122,0,120718,120718-120718
甘肃,2025,物理类,专科批,180,121.0,121,0,120718,120718-120718
甘肃,2025,物理类,专科批,180,120.0,120,0,120718,120718-120718
甘肃,2025,物理类,专科批,180,119.0,119,0,120718,120718-120718
甘肃,2025,物理类,专科批,180,118.0,118,0,120718,120718-120718
甘肃,2025,物理类,专科批,180,117.0,117,0,120718,120718-120718
甘肃,2025,物理类,专科批,180,116.0,116,0,120718,120718-120718
甘肃,2025,物理类,专科批,180,115.0,115,1,120719,120719-120719
甘肃,2025,物理类,专科批,180,114.0,114,0,120719,120719-120719
甘肃,2025,物理类,专科批,180,113.0,113,0,120719,120719-120719
甘肃,2025,物理类,专科批,180,112.0,112,1,120720,120720-120720
甘肃,2025,物理类,专科批,180,111.0,111,1,120721,120721-120721
甘肃,2025,物理类,专科批,180,110.0,110,1,120722,120722-120722
甘肃,2025,物理类,专科批,180,109.0,109,1,120723,120723-120723
甘肃,2025,物理类,专科批,180,108.0,108,0,120723,120723-120723
甘肃,2025,物理类,专科批,180,107.0,107,0,120723,120723-120723
甘肃,2025,物理类,专科批,180,106.0,106,0,120723,120723-120723
甘肃,2025,物理类,专科批,180,105.0,105,0,120723,120723-120723
甘肃,2025,物理类,专科批,180,104.0,104,1,120724,120724-120724
甘肃,2025,物理类,专科批,180,103.0,103,0,120724,120724-120724
甘肃,2025,物理类,专科批,180,102.0,102,0,120724,120724-120724
甘肃,2025,物理类,专科批,180,101.0,101,1,120725,120725-120725
甘肃,2025,物理类,专科批,180,100.0,100,0,120725,120725-120725
甘肃,2025,物理类,专科批,180,99.0,99,0,120725,120725-120725
甘肃,2025,物理类,专科批,180,98.0,98,0,120725,120725-120725
甘肃,2025,物理类,专科批,180,97.0,97,0,120725,120725-120725
甘肃,2025,物理类,专科批,180,96.0,96,0,120725,120725-120725
甘肃,2025,物理类,专科批,180,95.0,95,2,120727,120726-120727
甘肃,2025,物理类,专科批,180,94.0,94,0,120727,120727-120727
甘肃,2025,物理类,专科批,180,93.0,93,1,120728,120728-120728
甘肃,2025,物理类,专科批,180,92.0,92,0,120728,120728-120728
甘肃,2025,物理类,专科批,180,91.0,91,1,120729,120729-120729
甘肃,2025,物理类,专科批,180,90.0,90,0,120729,120729-120729
甘肃,2025,物理类,专科批,180,89.0,89,0,120729,120729-120729
甘肃,2025,物理类,专科批,180,88.0,88,0,120729,120729-120729
甘肃,2025,物理类,专科批,180,87.0,87,0,120729,120729-120729
甘肃,2025,物理类,专科批,180,86.0,86,0,120729,120729-120729
甘肃,2025,物理类,专科批,180,85.0,85,1,120730,120730-120730
甘肃,2025,物理类,专科批,180,84.0,84,0,120730,120730-120730
甘肃,2025,物理类,专科批,180,83.0,83,2,120732,120731-120732
甘肃,2025,物理类,专科批,180,82.0,82,0,120732,120732-120732
甘肃,2025,物理类,专科批,180,81.0,81,0,120732,120732-120732
甘肃,2025,物理类,专科批,180,80.0,80,0,120732,120732-120732
甘肃,2025,物理类,专科批,180,79.0,79,0,120732,120732-120732
甘肃,2025,物理类,专科批,180,78.0,78,0,120732,120732-120732
甘肃,2025,物理类,专科批,180,77.0,77,0,120732,120732-120732
甘肃,2025,物理类,专科批,180,76.0,76,1,120733,120733-120733
甘肃,2025,物理类,专科批,180,75.0,75,0,120733,120733-120733
甘肃,2025,物理类,专科批,180,74.0,74,0,120733,120733-120733
甘肃,2025,物理类,专科批,180,73.0,73,0,120733,120733-120733
甘肃,2025,物理类,专科批,180,72.0,72,0,120733,120733-120733
甘肃,2025,物理类,专科批,180,71.0,71,0,120733,120733-120733
甘肃,2025,物理类,专科批,180,70.0,70,1,120734,120734-120734
甘肃,2025,物理类,专科批,180,69.0,69,0,120734,120734-120734
甘肃,2025,物理类,专科批,180,68.0,68,0,120734,120734-120734
甘肃,2025,物理类,专科批,180,67.0,67,1,120735,120735-120735
甘肃,2025,物理类,专科批,180,66.0,66,0,120735,120735-120735
甘肃,2025,物理类,专科批,180,65.0,65,0,120735,120735-120735
甘肃,2025,物理类,专科批,180,64.0,64,0,120735,120735-120735
甘肃,2025,物理类,专科批,180,63.0,63,0,120735,120735-120735
甘肃,2025,物理类,专科批,180,62.0,62,0,120735,120735-120735
甘肃,2025,物理类,专科批,180,61.0,61,0,120735,120735-120735
甘肃,2025,物理类,专科批,180,60.0,60,0,120735,120735-120735
甘肃,2025,物理类,专科批,180,59.0,59,0,120735,120735-120735
甘肃,2025,物理类,专科批,180,58.0,58,1,120736,120736-120736
甘肃,2025,物理类,专科批,180,57.0,57,0,120736,120736-120736
甘肃,2025,物理类,专科批,180,56.0,56,0,120736,120736-120736
甘肃,2025,物理类,专科批,180,55.0,55,0,120736,120736-120736
甘肃,2025,物理类,专科批,180,54.0,54,0,120736,120736-120736
甘肃,2025,物理类,专科批,180,53.0,53,1,120737,120737-120737
甘肃,2025,物理类,专科批,180,52.0,52,0,120737,120737-120737
甘肃,2025,物理类,专科批,180,51.0,51,0,120737,120737-120737
甘肃,2025,物理类,专科批,180,50.0,50,0,120737,120737-120737
甘肃,2025,物理类,专科批,180,49.0,49,2,120739,120738-120739
甘肃,2025,物理类,专科批,180,48.0,48,0,120739,120739-120739
甘肃,2025,物理类,专科批,180,47.0,47,0,120739,120739-120739
甘肃,2025,物理类,专科批,180,46.0,46,0,120739,120739-120739
甘肃,2025,物理类,专科批,180,45.0,45,0,120739,120739-120739
甘肃,2025,物理类,专科批,180,44.0,44,0,120739,120739-120739
甘肃,2025,物理类,专科批,180,43.0,43,0,120739,120739-120739
甘肃,2025,物理类,专科批,180,42.0,42,0,120739,120739-120739
甘肃,2025,物理类,专科批,180,41.0,41,0,120739,120739-120739
甘肃,2025,物理类,专科批,180,40.0,40,0,120739,120739-120739
甘肃,2025,物理类,专科批,180,39.0,39,0,120739,120739-120739
甘肃,2025,物理类,专科批,180,38.0,38,1,120740,120740-120740
甘肃,2025,物理类,专科批,180,37.0,37,0,120740,120740-120740
甘肃,2025,物理类,专科批,180,36.0,36,0,120740,120740-120740
甘肃,2025,物理类,专科批,180,35.0,35,0,120740,120740-120740
甘肃,2025,物理类,专科批,180,34.0,34,1,120741,120741-120741
甘肃,2025,物理类,专科批,180,33.0,33,0,120741,120741-120741
甘肃,2025,物理类,专科批,180,32.0,32,0,120741,120741-120741
甘肃,2025,物理类,专科批,180,31.0,31,0,120741,120741-120741
甘肃,2025,物理类,专科批,180,30.0,30,0,120741,120741-120741
甘肃,2025,物理类,专科批,180,29.0,29,0,120741,120741-120741
甘肃,2025,物理类,专科批,180,28.0,28,0,120741,120741-120741
甘肃,2025,物理类,专科批,180,27.0,27,0,120741,120741-120741
甘肃,2025,物理类,专科批,180,26.0,26,0,120741,120741-120741
甘肃,2025,物理类,专科批,180,25.0,25,0,120741,120741-120741
甘肃,2025,物理类,专科批,180,24.0,24,0,120741,120741-120741
甘肃,2025,物理类,专科批,180,23.0,23,0,120741,120741-120741
甘肃,2025,物理类,专科批,180,22.0,22,1,120742,120742-120742
甘肃,2025,物理类,专科批,180,21.0,21,1,120743,120743-120743
甘肃,2025,物理类,专科批,180,20.0,20,123,120866,120744-120866
甘肃,2025,物理类,专科批,180,19.0,19,0,120866,120866-120866
甘肃,2025,物理类,专科批,180,18.0,18,0,120866,120866-120866
甘肃,2025,物理类,专科批,180,17.0,17,0,120866,120866-120866
甘肃,2025,物理类,专科批,180,16.0,16,0,120866,120866-120866
甘肃,2025,物理类,专科批,180,15.0,15,0,120866,120866-120866
甘肃,2025,物理类,专科批,180,14.0,14,0,120866,120866-120866
甘肃,2025,物理类,专科批,180,13.0,13,0,120866,120866-120866
甘肃,2025,物理类,专科批,180,12.0,12,0,120866,120866-120866
甘肃,2025,物理类,专科批,180,11.0,11,0,120866,120866-120866
甘肃,2025,物理类,专科批,180,10.0,10,0,120866,120866-120866
甘肃,2025,物理类,专科批,180,9.0,9,0,120866,120866-120866
甘肃,2025,物理类,专科批,180,8.0,8,0,120866,120866-120866
甘肃,2025,物理类,专科批,180,7.0,7,0,120866,120866-120866
甘肃,2025,物理类,专科批,180,6.0,6,0,120866,120866-120866
甘肃,2025,物理类,专科批,180,5.0,5,0,120866,120866-120866
甘肃,2025,物理类,专科批,180,4.0,4,0,120866,120866-120866
甘肃,2025,物理类,专科批,180,3.0,3,0,120866,120866-120866
甘肃,2025,物理类,专科批,180,2.0,2,0,120866,120866-120866
甘肃,2025,物理类,专科批,180,1.0,1,0,120866,120866-120866
甘肃,2025,物理类,专科批,180,0.0,0,577,121443,120867-121443
甘肃,2025,历史类,本科批,412,647.0,647-750,36,36,1-36
甘肃,2025,历史类,本科批,412,646.0,646,7,43,37-43
甘肃,2025,历史类,本科批,412,645.0,645,3,46,44-46
甘肃,2025,历史类,本科批,412,644.0,644,7,53,47-53
甘肃,2025,历史类,本科批,412,643.0,643,5,58,54-58
甘肃,2025,历史类,本科批,412,642.0,642,10,68,59-68
甘肃,2025,历史类,本科批,412,641.0,641,6,74,69-74
甘肃,2025,历史类,本科批,412,640.0,640,3,77,75-77
甘肃,2025,历史类,本科批,412,639.0,639,3,80,78-80
甘肃,2025,历史类,本科批,412,638.0,638,4,84,81-84
甘肃,2025,历史类,本科批,412,637.0,637,6,90,85-90
甘肃,2025,历史类,本科批,412,636.0,636,7,97,91-97
甘肃,2025,历史类,本科批,412,635.0,635,10,107,98-107
甘肃,2025,历史类,本科批,412,634.0,634,7,114,108-114
甘肃,2025,历史类,本科批,412,633.0,633,2,116,115-116
甘肃,2025,历史类,本科批,412,632.0,632,9,125,117-125
甘肃,2025,历史类,本科批,412,631.0,631,4,129,126-129
甘肃,2025,历史类,本科批,412,630.0,630,14,143,130-143
甘肃,2025,历史类,本科批,412,629.0,629,14,157,144-157
甘肃,2025,历史类,本科批,412,628.0,628,14,171,158-171
甘肃,2025,历史类,本科批,412,627.0,627,8,179,172-179
甘肃,2025,历史类,本科批,412,626.0,626,5,184,180-184
甘肃,2025,历史类,本科批,412,625.0,625,15,199,185-199
甘肃,2025,历史类,本科批,412,624.0,624,12,211,200-211
甘肃,2025,历史类,本科批,412,623.0,623,10,221,212-221
甘肃,2025,历史类,本科批,412,622.0,622,14,235,222-235
甘肃,2025,历史类,本科批,412,621.0,621,17,252,236-252
甘肃,2025,历史类,本科批,412,620.0,620,8,260,253-260
甘肃,2025,历史类,本科批,412,619.0,619,16,276,261-276
甘肃,2025,历史类,本科批,412,618.0,618,18,294,277-294
甘肃,2025,历史类,本科批,412,617.0,617,18,312,295-312
甘肃,2025,历史类,本科批,412,616.0,616,20,332,313-332
甘肃,2025,历史类,本科批,412,615.0,615,22,354,333-354
甘肃,2025,历史类,本科批,412,614.0,614,16,370,355-370
甘肃,2025,历史类,本科批,412,613.0,613,20,390,371-390
甘肃,2025,历史类,本科批,412,612.0,612,19,409,391-409
甘肃,2025,历史类,本科批,412,611.0,611,14,423,410-423
甘肃,2025,历史类,本科批,412,610.0,610,18,441,424-441
甘肃,2025,历史类,本科批,412,609.0,609,22,463,442-463
甘肃,2025,历史类,本科批,412,608.0,608,15,478,464-478
甘肃,2025,历史类,本科批,412,607.0,607,27,505,479-505
甘肃,2025,历史类,本科批,412,606.0,606,16,521,506-521
甘肃,2025,历史类,本科批,412,605.0,605,17,538,522-538
甘肃,2025,历史类,本科批,412,604.0,604,20,558,539-558
甘肃,2025,历史类,本科批,412,603.0,603,21,579,559-579
甘肃,2025,历史类,本科批,412,602.0,602,24,603,580-603
甘肃,2025,历史类,本科批,412,601.0,601,25,628,604-628
甘肃,2025,历史类,本科批,412,600.0,600,17,645,629-645
甘肃,2025,历史类,本科批,412,599.0,599,23,668,646-668
甘肃,2025,历史类,本科批,412,598.0,598,25,693,669-693
甘肃,2025,历史类,本科批,412,597.0,597,22,715,694-715
甘肃,2025,历史类,本科批,412,596.0,596,35,750,716-750
甘肃,2025,历史类,本科批,412,595.0,595,25,775,751-775
甘肃,2025,历史类,本科批,412,594.0,594,24,799,776-799
甘肃,2025,历史类,本科批,412,593.0,593,21,820,800-820
甘肃,2025,历史类,本科批,412,592.0,592,34,854,821-854
甘肃,2025,历史类,本科批,412,591.0,591,29,883,855-883
甘肃,2025,历史类,本科批,412,590.0,590,22,905,884-905
甘肃,2025,历史类,本科批,412,589.0,589,42,947,906-947
甘肃,2025,历史类,本科批,412,588.0,588,31,978,948-978
甘肃,2025,历史类,本科批,412,587.0,587,37,1015,979-1015
甘肃,2025,历史类,本科批,412,586.0,586,34,1049,1016-1049
甘肃,2025,历史类,本科批,412,585.0,585,32,1081,1050-1081
甘肃,2025,历史类,本科批,412,584.0,584,33,1114,1082-1114
甘肃,2025,历史类,本科批,412,583.0,583,41,1155,1115-1155
甘肃,2025,历史类,本科批,412,582.0,582,41,1196,1156-1196
甘肃,2025,历史类,本科批,412,581.0,581,44,1240,1197-1240
甘肃,2025,历史类,本科批,412,580.0,580,38,1278,1241-1278
甘肃,2025,历史类,本科批,412,579.0,579,39,1317,1279-1317
甘肃,2025,历史类,本科批,412,578.0,578,43,1360,1318-1360
甘肃,2025,历史类,本科批,412,577.0,577,44,1404,1361-1404
甘肃,2025,历史类,本科批,412,576.0,576,44,1448,1405-1448
甘肃,2025,历史类,本科批,412,575.0,575,39,1487,1449-1487
甘肃,2025,历史类,本科批,412,574.0,574,41,1528,1488-1528
甘肃,2025,历史类,本科批,412,573.0,573,41,1569,1529-1569
甘肃,2025,历史类,本科批,412,572.0,572,48,1617,1570-1617
甘肃,2025,历史类,本科批,412,571.0,571,44,1661,1618-1661
甘肃,2025,历史类,本科批,412,570.0,570,48,1709,1662-1709
甘肃,2025,历史类,本科批,412,569.0,569,47,1756,1710-1756
甘肃,2025,历史类,本科批,412,568.0,568,43,1799,1757-1799
甘肃,2025,历史类,本科批,412,567.0,567,60,1859,1800-1859
甘肃,2025,历史类,本科批,412,566.0,566,63,1922,1860-1922
甘肃,2025,历史类,本科批,412,565.0,565,56,1978,1923-1978
甘肃,2025,历史类,本科批,412,564.0,564,51,2029,1979-2029
甘肃,2025,历史类,本科批,412,563.0,563,61,2090,2030-2090
甘肃,2025,历史类,本科批,412,562.0,562,50,2140,2091-2140
甘肃,2025,历史类,本科批,412,561.0,561,60,2200,2141-2200
甘肃,2025,历史类,本科批,412,560.0,560,52,2252,2201-2252
甘肃,2025,历史类,本科批,412,559.0,559,57,2309,2253-2309
甘肃,2025,历史类,本科批,412,558.0,558,65,2374,2310-2374
甘肃,2025,历史类,本科批,412,557.0,557,68,2442,2375-2442
甘肃,2025,历史类,本科批,412,556.0,556,57,2499,2443-2499
甘肃,2025,历史类,本科批,412,555.0,555,55,2554,2500-2554
甘肃,2025,历史类,本科批,412,554.0,554,71,2625,2555-2625
甘肃,2025,历史类,本科批,412,553.0,553,69,2694,2626-2694
甘肃,2025,历史类,本科批,412,552.0,552,60,2754,2695-2754
甘肃,2025,历史类,本科批,412,551.0,551,67,2821,2755-2821
甘肃,2025,历史类,本科批,412,550.0,550,71,2892,2822-2892
甘肃,2025,历史类,本科批,412,549.0,549,74,2966,2893-2966
甘肃,2025,历史类,本科批,412,548.0,548,66,3032,2967-3032
甘肃,2025,历史类,本科批,412,547.0,547,64,3096,3033-3096
甘肃,2025,历史类,本科批,412,546.0,546,73,3169,3097-3169
甘肃,2025,历史类,本科批,412,545.0,545,77,3246,3170-3246
甘肃,2025,历史类,本科批,412,544.0,544,85,3331,3247-3331
甘肃,2025,历史类,本科批,412,543.0,543,79,3410,3332-3410
甘肃,2025,历史类,本科批,412,542.0,542,91,3501,3411-3501
甘肃,2025,历史类,本科批,412,541.0,541,83,3584,3502-3584
甘肃,2025,历史类,本科批,412,540.0,540,80,3664,3585-3664
甘肃,2025,历史类,本科批,412,539.0,539,99,3763,3665-3763
甘肃,2025,历史类,本科批,412,538.0,538,92,3855,3764-3855
甘肃,2025,历史类,本科批,412,537.0,537,91,3946,3856-3946
甘肃,2025,历史类,本科批,412,536.0,536,92,4038,3947-4038
甘肃,2025,历史类,本科批,412,535.0,535,82,4120,4039-4120
甘肃,2025,历史类,本科批,412,534.0,534,97,4217,4121-4217
甘肃,2025,历史类,本科批,412,533.0,533,92,4309,4218-4309
甘肃,2025,历史类,本科批,412,532.0,532,90,4399,4310-4399
甘肃,2025,历史类,本科批,412,531.0,531,89,4488,4400-4488
甘肃,2025,历史类,本科批,412,530.0,530,90,4578,4489-4578
甘肃,2025,历史类,本科批,412,529.0,529,124,4702,4579-4702
甘肃,2025,历史类,本科批,412,528.0,528,92,4794,4703-4794
甘肃,2025,历史类,本科批,412,527.0,527,120,4914,4795-4914
甘肃,2025,历史类,本科批,412,526.0,526,111,5025,4915-5025
甘肃,2025,历史类,本科批,412,525.0,525,107,5132,5026-5132
甘肃,2025,历史类,本科批,412,524.0,524,100,5232,5133-5232
甘肃,2025,历史类,本科批,412,523.0,523,120,5352,5233-5352
甘肃,2025,历史类,本科批,412,522.0,522,117,5469,5353-5469
甘肃,2025,历史类,本科批,412,521.0,521,107,5576,5470-5576
甘肃,2025,历史类,本科批,412,520.0,520,105,5681,5577-5681
甘肃,2025,历史类,本科批,412,519.0,519,113,5794,5682-5794
甘肃,2025,历史类,本科批,412,518.0,518,106,5900,5795-5900
甘肃,2025,历史类,本科批,412,517.0,517,126,6026,5901-6026
甘肃,2025,历史类,本科批,412,516.0,516,109,6135,6027-6135
甘肃,2025,历史类,本科批,412,515.0,515,102,6237,6136-6237
甘肃,2025,历史类,本科批,412,514.0,514,121,6358,6238-6358
甘肃,2025,历史类,本科批,412,513.0,513,136,6494,6359-6494
甘肃,2025,历史类,本科批,412,512.0,512,128,6622,6495-6622
甘肃,2025,历史类,本科批,412,511.0,511,148,6770,6623-6770
甘肃,2025,历史类,本科批,412,510.0,510,143,6913,6771-6913
甘肃,2025,历史类,本科批,412,509.0,509,128,7041,6914-7041
甘肃,2025,历史类,本科批,412,508.0,508,136,7177,7042-7177
甘肃,2025,历史类,本科批,412,507.0,507,134,7311,7178-7311
甘肃,2025,历史类,本科批,412,506.0,506,138,7449,7312-7449
甘肃,2025,历史类,本科批,412,505.0,505,133,7582,7450-7582
甘肃,2025,历史类,本科批,412,504.0,504,143,7725,7583-7725
甘肃,2025,历史类,本科批,412,503.0,503,129,7854,7726-7854
甘肃,2025,历史类,本科批,412,502.0,502,156,8010,7855-8010
甘肃,2025,历史类,本科批,412,501.0,501,150,8160,8011-8160
甘肃,2025,历史类,本科批,412,500.0,500,131,8291,8161-8291
甘肃,2025,历史类,本科批,412,499.0,499,155,8446,8292-8446
甘肃,2025,历史类,本科批,412,498.0,498,136,8582,8447-8582
甘肃,2025,历史类,本科批,412,497.0,497,144,8726,8583-8726
甘肃,2025,历史类,本科批,412,496.0,496,140,8866,8727-8866
甘肃,2025,历史类,本科批,412,495.0,495,164,9030,8867-9030
甘肃,2025,历史类,本科批,412,494.0,494,141,9171,9031-9171
甘肃,2025,历史类,本科批,412,493.0,493,140,9311,9172-9311
甘肃,2025,历史类,本科批,412,492.0,492,131,9442,9312-9442
甘肃,2025,历史类,本科批,412,491.0,491,135,9577,9443-9577
甘肃,2025,历史类,本科批,412,490.0,490,157,9734,9578-9734
甘肃,2025,历史类,本科批,412,489.0,489,155,9889,9735-9889
甘肃,2025,历史类,本科批,412,488.0,488,162,10051,9890-10051
甘肃,2025,历史类,本科批,412,487.0,487,149,10200,10052-10200
甘肃,2025,历史类,本科批,412,486.0,486,160,10360,10201-10360
甘肃,2025,历史类,本科批,412,485.0,485,159,10519,10361-10519
甘肃,2025,历史类,本科批,412,484.0,484,159,10678,10520-10678
甘肃,2025,历史类,本科批,412,483.0,483,176,10854,10679-10854
甘肃,2025,历史类,本科批,412,482.0,482,174,11028,10855-11028
甘肃,2025,历史类,本科批,412,481.0,481,187,11215,11029-11215
甘肃,2025,历史类,本科批,412,480.0,480,188,11403,11216-11403
甘肃,2025,历史类,本科批,412,479.0,479,193,11596,11404-11596
甘肃,2025,历史类,本科批,412,478.0,478,169,11765,11597-11765
甘肃,2025,历史类,本科批,412,477.0,477,183,11948,11766-11948
甘肃,2025,历史类,本科批,412,476.0,476,195,12143,11949-12143
甘肃,2025,历史类,本科批,412,475.0,475,183,12326,12144-12326
甘肃,2025,历史类,本科批,412,474.0,474,167,12493,12327-12493
甘肃,2025,历史类,本科批,412,473.0,473,178,12671,12494-12671
甘肃,2025,历史类,本科批,412,472.0,472,165,12836,12672-12836
甘肃,2025,历史类,本科批,412,471.0,471,162,12998,12837-12998
甘肃,2025,历史类,本科批,412,470.0,470,159,13157,12999-13157
甘肃,2025,历史类,本科批,412,469.0,469,218,13375,13158-13375
甘肃,2025,历史类,本科批,412,468.0,468,193,13568,13376-13568
甘肃,2025,历史类,本科批,412,467.0,467,194,13762,13569-13762
甘肃,2025,历史类,本科批,412,466.0,466,207,13969,13763-13969
甘肃,2025,历史类,本科批,412,465.0,465,195,14164,13970-14164
甘肃,2025,历史类,本科批,412,464.0,464,194,14358,14165-14358
甘肃,2025,历史类,本科批,412,463.0,463,191,14549,14359-14549
甘肃,2025,历史类,本科批,412,462.0,462,221,14770,14550-14770
甘肃,2025,历史类,本科批,412,461.0,461,197,14967,14771-14967
甘肃,2025,历史类,本科批,412,460.0,460,188,15155,14968-15155
甘肃,2025,历史类,本科批,412,459.0,459,205,15360,15156-15360
甘肃,2025,历史类,本科批,412,458.0,458,185,15545,15361-15545
甘肃,2025,历史类,本科批,412,457.0,457,197,15742,15546-15742
甘肃,2025,历史类,本科批,412,456.0,456,199,15941,15743-15941
甘肃,2025,历史类,本科批,412,455.0,455,192,16133,15942-16133
甘肃,2025,历史类,本科批,412,454.0,454,238,16371,16134-16371
甘肃,2025,历史类,本科批,412,453.0,453,204,16575,16372-16575
甘肃,2025,历史类,本科批,412,452.0,452,223,16798,16576-16798
甘肃,2025,历史类,本科批,412,451.0,451,217,17015,16799-17015
甘肃,2025,历史类,本科批,412,450.0,450,206,17221,17016-17221
甘肃,2025,历史类,本科批,412,449.0,449,191,17412,17222-17412
甘肃,2025,历史类,本科批,412,448.0,448,222,17634,17413-17634
甘肃,2025,历史类,本科批,412,447.0,447,189,17823,17635-17823
甘肃,2025,历史类,本科批,412,446.0,446,190,18013,17824-18013
甘肃,2025,历史类,本科批,412,445.0,445,209,18222,18014-18222
甘肃,2025,历史类,本科批,412,444.0,444,201,18423,18223-18423
甘肃,2025,历史类,本科批,412,443.0,443,209,18632,18424-18632
甘肃,2025,历史类,本科批,412,442.0,442,219,18851,18633-18851
甘肃,2025,历史类,本科批,412,441.0,441,207,19058,18852-19058
甘肃,2025,历史类,本科批,412,440.0,440,230,19288,19059-19288
甘肃,2025,历史类,本科批,412,439.0,439,209,19497,19289-19497
甘肃,2025,历史类,本科批,412,438.0,438,197,19694,19498-19694
甘肃,2025,历史类,本科批,412,437.0,437,202,19896,19695-19896
甘肃,2025,历史类,本科批,412,436.0,436,220,20116,19897-20116
甘肃,2025,历史类,本科批,412,435.0,435,211,20327,20117-20327
甘肃,2025,历史类,本科批,412,434.0,434,210,20537,20328-20537
甘肃,2025,历史类,本科批,412,433.0,433,222,20759,20538-20759
甘肃,2025,历史类,本科批,412,432.0,432,202,20961,20760-20961
甘肃,2025,历史类,本科批,412,431.0,431,212,21173,20962-21173
甘肃,2025,历史类,本科批,412,430.0,430,214,21387,21174-21387
甘肃,2025,历史类,本科批,412,429.0,429,218,21605,21388-21605
甘肃,2025,历史类,本科批,412,428.0,428,211,21816,21606-21816
甘肃,2025,历史类,本科批,412,427.0,427,198,22014,21817-22014
甘肃,2025,历史类,本科批,412,426.0,426,231,22245,22015-22245
甘肃,2025,历史类,本科批,412,425.0,425,187,22432,22246-22432
甘肃,2025,历史类,本科批,412,424.0,424,217,22649,22433-22649
甘肃,2025,历史类,本科批,412,423.0,423,201,22850,22650-22850
甘肃,2025,历史类,本科批,412,422.0,422,201,23051,22851-23051
甘肃,2025,历史类,本科批,412,421.0,421,225,23276,23052-23276
甘肃,2025,历史类,本科批,412,420.0,420,210,23486,23277-23486
甘肃,2025,历史类,本科批,412,419.0,419,230,23716,23487-23716
甘肃,2025,历史类,本科批,412,418.0,418,230,23946,23717-23946
甘肃,2025,历史类,本科批,412,417.0,417,242,24188,23947-24188
甘肃,2025,历史类,本科批,412,416.0,416,184,24372,24189-24372
甘肃,2025,历史类,本科批,412,415.0,415,236,24608,24373-24608
甘肃,2025,历史类,本科批,412,414.0,414,221,24829,24609-24829
甘肃,2025,历史类,本科批,412,413.0,413,218,25047,24830-25047
甘肃,2025,历史类,本科批,412,412.0,412,235,25282,25048-25282
甘肃,2025,历史类,专科批,160,411.0,411,212,25494,25283-25494
甘肃,2025,历史类,专科批,160,410.0,410,193,25687,25495-25687
甘肃,2025,历史类,专科批,160,409.0,409,227,25914,25688-25914
甘肃,2025,历史类,专科批,160,408.0,408,236,26150,25915-26150
甘肃,2025,历史类,专科批,160,407.0,407,239,26389,26151-26389
甘肃,2025,历史类,专科批,160,406.0,406,210,26599,26390-26599
甘肃,2025,历史类,专科批,160,405.0,405,208,26807,26600-26807
甘肃,2025,历史类,专科批,160,404.0,404,224,27031,26808-27031
甘肃,2025,历史类,专科批,160,403.0,403,220,27251,27032-27251
甘肃,2025,历史类,专科批,160,402.0,402,234,27485,27252-27485
甘肃,2025,历史类,专科批,160,401.0,401,218,27703,27486-27703
甘肃,2025,历史类,专科批,160,400.0,400,215,27918,27704-27918
甘肃,2025,历史类,专科批,160,399.0,399,236,28154,27919-28154
甘肃,2025,历史类,专科批,160,398.0,398,238,28392,28155-28392
甘肃,2025,历史类,专科批,160,397.0,397,225,28617,28393-28617
甘肃,2025,历史类,专科批,160,396.0,396,233,28850,28618-28850
甘肃,2025,历史类,专科批,160,395.0,395,227,29077,28851-29077
甘肃,2025,历史类,专科批,160,394.0,394,210,29287,29078-29287
甘肃,2025,历史类,专科批,160,393.0,393,227,29514,29288-29514
甘肃,2025,历史类,专科批,160,392.0,392,247,29761,29515-29761
甘肃,2025,历史类,专科批,160,391.0,391,212,29973,29762-29973
甘肃,2025,历史类,专科批,160,390.0,390,229,30202,29974-30202
甘肃,2025,历史类,专科批,160,389.0,389,248,30450,30203-30450
甘肃,2025,历史类,专科批,160,388.0,388,219,30669,30451-30669
甘肃,2025,历史类,专科批,160,387.0,387,189,30858,30670-30858
甘肃,2025,历史类,专科批,160,386.0,386,201,31059,30859-31059
甘肃,2025,历史类,专科批,160,385.0,385,229,31288,31060-31288
甘肃,2025,历史类,专科批,160,384.0,384,238,31526,31289-31526
甘肃,2025,历史类,专科批,160,383.0,383,227,31753,31527-31753
甘肃,2025,历史类,专科批,160,382.0,382,253,32006,31754-32006
甘肃,2025,历史类,专科批,160,381.0,381,212,32218,32007-32218
甘肃,2025,历史类,专科批,160,380.0,380,218,32436,32219-32436
甘肃,2025,历史类,专科批,160,379.0,379,232,32668,32437-32668
甘肃,2025,历史类,专科批,160,378.0,378,243,32911,32669-32911
甘肃,2025,历史类,专科批,160,377.0,377,211,33122,32912-33122
甘肃,2025,历史类,专科批,160,376.0,376,220,33342,33123-33342
甘肃,2025,历史类,专科批,160,375.0,375,233,33575,33343-33575
甘肃,2025,历史类,专科批,160,374.0,374,214,33789,33576-33789
甘肃,2025,历史类,专科批,160,373.0,373,276,34065,33790-34065
甘肃,2025,历史类,专科批,160,372.0,372,238,34303,34066-34303
甘肃,2025,历史类,专科批,160,371.0,371,250,34553,34304-34553
甘肃,2025,历史类,专科批,160,370.0,370,246,34799,34554-34799
甘肃,2025,历史类,专科批,160,369.0,369,206,35005,34800-35005
甘肃,2025,历史类,专科批,160,368.0,368,258,35263,35006-35263
甘肃,2025,历史类,专科批,160,367.0,367,219,35482,35264-35482
甘肃,2025,历史类,专科批,160,366.0,366,252,35734,35483-35734
甘肃,2025,历史类,专科批,160,365.0,365,245,35979,35735-35979
甘肃,2025,历史类,专科批,160,364.0,364,233,36212,35980-36212
甘肃,2025,历史类,专科批,160,363.0,363,232,36444,36213-36444
甘肃,2025,历史类,专科批,160,362.0,362,226,36670,36445-36670
甘肃,2025,历史类,专科批,160,361.0,361,260,36930,36671-36930
甘肃,2025,历史类,专科批,160,360.0,360,268,37198,36931-37198
甘肃,2025,历史类,专科批,160,359.0,359,243,37441,37199-37441
甘肃,2025,历史类,专科批,160,358.0,358,234,37675,37442-37675
甘肃,2025,历史类,专科批,160,357.0,357,200,37875,37676-37875
甘肃,2025,历史类,专科批,160,356.0,356,243,38118,37876-38118
甘肃,2025,历史类,专科批,160,355.0,355,205,38323,38119-38323
甘肃,2025,历史类,专科批,160,354.0,354,199,38522,38324-38522
甘肃,2025,历史类,专科批,160,353.0,353,260,38782,38523-38782
甘肃,2025,历史类,专科批,160,352.0,352,227,39009,38783-39009
甘肃,2025,历史类,专科批,160,351.0,351,227,39236,39010-39236
甘肃,2025,历史类,专科批,160,350.0,350,262,39498,39237-39498
甘肃,2025,历史类,专科批,160,349.0,349,257,39755,39499-39755
甘肃,2025,历史类,专科批,160,348.0,348,229,39984,39756-39984
甘肃,2025,历史类,专科批,160,347.0,347,227,40211,39985-40211
甘肃,2025,历史类,专科批,160,346.0,346,244,40455,40212-40455
甘肃,2025,历史类,专科批,160,345.0,345,218,40673,40456-40673
甘肃,2025,历史类,专科批,160,344.0,344,231,40904,40674-40904
甘肃,2025,历史类,专科批,160,343.0,343,244,41148,40905-41148
甘肃,2025,历史类,专科批,160,342.0,342,228,41376,41149-41376
甘肃,2025,历史类,专科批,160,341.0,341,231,41607,41377-41607
甘肃,2025,历史类,专科批,160,340.0,340,223,41830,41608-41830
甘肃,2025,历史类,专科批,160,339.0,339,277,42107,41831-42107
甘肃,2025,历史类,专科批,160,338.0,338,256,42363,42108-42363
甘肃,2025,历史类,专科批,160,337.0,337,233,42596,42364-42596
甘肃,2025,历史类,专科批,160,336.0,336,225,42821,42597-42821
甘肃,2025,历史类,专科批,160,335.0,335,206,43027,42822-43027
甘肃,2025,历史类,专科批,160,334.0,334,207,43234,43028-43234
甘肃,2025,历史类,专科批,160,333.0,333,227,43461,43235-43461
甘肃,2025,历史类,专科批,160,332.0,332,246,43707,43462-43707
甘肃,2025,历史类,专科批,160,331.0,331,239,43946,43708-43946
甘肃,2025,历史类,专科批,160,330.0,330,219,44165,43947-44165
甘肃,2025,历史类,专科批,160,329.0,329,243,44408,44166-44408
甘肃,2025,历史类,专科批,160,328.0,328,204,44612,44409-44612
甘肃,2025,历史类,专科批,160,327.0,327,240,44852,44613-44852
甘肃,2025,历史类,专科批,160,326.0,326,195,45047,44853-45047
甘肃,2025,历史类,专科批,160,325.0,325,227,45274,45048-45274
甘肃,2025,历史类,专科批,160,324.0,324,204,45478,45275-45478
甘肃,2025,历史类,专科批,160,323.0,323,231,45709,45479-45709
甘肃,2025,历史类,专科批,160,322.0,322,203,45912,45710-45912
甘肃,2025,历史类,专科批,160,321.0,321,222,46134,45913-46134
甘肃,2025,历史类,专科批,160,320.0,320,188,46322,46135-46322
甘肃,2025,历史类,专科批,160,319.0,319,234,46556,46323-46556
甘肃,2025,历史类,专科批,160,318.0,318,194,46750,46557-46750
甘肃,2025,历史类,专科批,160,317.0,317,208,46958,46751-46958
甘肃,2025,历史类,专科批,160,316.0,316,185,47143,46959-47143
甘肃,2025,历史类,专科批,160,315.0,315,191,47334,47144-47334
甘肃,2025,历史类,专科批,160,314.0,314,229,47563,47335-47563
甘肃,2025,历史类,专科批,160,313.0,313,181,47744,47564-47744
甘肃,2025,历史类,专科批,160,312.0,312,189,47933,47745-47933
甘肃,2025,历史类,专科批,160,311.0,311,158,48091,47934-48091
甘肃,2025,历史类,专科批,160,310.0,310,202,48293,48092-48293
甘肃,2025,历史类,专科批,160,309.0,309,194,48487,48294-48487
甘肃,2025,历史类,专科批,160,308.0,308,170,48657,48488-48657
甘肃,2025,历史类,专科批,160,307.0,307,182,48839,48658-48839
甘肃,2025,历史类,专科批,160,306.0,306,167,49006,48840-49006
甘肃,2025,历史类,专科批,160,305.0,305,185,49191,49007-49191
甘肃,2025,历史类,专科批,160,304.0,304,160,49351,49192-49351
甘肃,2025,历史类,专科批,160,303.0,303,172,49523,49352-49523
甘肃,2025,历史类,专科批,160,302.0,302,177,49700,49524-49700
甘肃,2025,历史类,专科批,160,301.0,301,171,49871,49701-49871
甘肃,2025,历史类,专科批,160,300.0,300,149,50020,49872-50020
甘肃,2025,历史类,专科批,160,299.0,299,176,50196,50021-50196
甘肃,2025,历史类,专科批,160,298.0,298,159,50355,50197-50355
甘肃,2025,历史类,专科批,160,297.0,297,149,50504,50356-50504
甘肃,2025,历史类,专科批,160,296.0,296,138,50642,50505-50642
甘肃,2025,历史类,专科批,160,295.0,295,144,50786,50643-50786
甘肃,2025,历史类,专科批,160,294.0,294,144,50930,50787-50930
甘肃,2025,历史类,专科批,160,293.0,293,136,51066,50931-51066
甘肃,2025,历史类,专科批,160,292.0,292,133,51199,51067-51199
甘肃,2025,历史类,专科批,160,291.0,291,146,51345,51200-51345
甘肃,2025,历史类,专科批,160,290.0,290,127,51472,51346-51472
甘肃,2025,历史类,专科批,160,289.0,289,139,51611,51473-51611
甘肃,2025,历史类,专科批,160,288.0,288,124,51735,51612-51735
甘肃,2025,历史类,专科批,160,287.0,287,122,51857,51736-51857
甘肃,2025,历史类,专科批,160,286.0,286,127,51984,51858-51984
甘肃,2025,历史类,专科批,160,285.0,285,124,52108,51985-52108
甘肃,2025,历史类,专科批,160,284.0,284,140,52248,52109-52248
甘肃,2025,历史类,专科批,160,283.0,283,123,52371,52249-52371
甘肃,2025,历史类,专科批,160,282.0,282,129,52500,52372-52500
甘肃,2025,历史类,专科批,160,281.0,281,114,52614,52501-52614
甘肃,2025,历史类,专科批,160,280.0,280,116,52730,52615-52730
甘肃,2025,历史类,专科批,160,279.0,279,108,52838,52731-52838
甘肃,2025,历史类,专科批,160,278.0,278,112,52950,52839-52950
甘肃,2025,历史类,专科批,160,277.0,277,94,53044,52951-53044
甘肃,2025,历史类,专科批,160,276.0,276,93,53137,53045-53137
甘肃,2025,历史类,专科批,160,275.0,275,112,53249,53138-53249
甘肃,2025,历史类,专科批,160,274.0,274,91,53340,53250-53340
甘肃,2025,历史类,专科批,160,273.0,273,88,53428,53341-53428
甘肃,2025,历史类,专科批,160,272.0,272,93,53521,53429-53521
甘肃,2025,历史类,专科批,160,271.0,271,94,53615,53522-53615
甘肃,2025,历史类,专科批,160,270.0,270,100,53715,53616-53715
甘肃,2025,历史类,专科批,160,269.0,269,91,53806,53716-53806
甘肃,2025,历史类,专科批,160,268.0,268,100,53906,53807-53906
甘肃,2025,历史类,专科批,160,267.0,267,81,53987,53907-53987
甘肃,2025,历史类,专科批,160,266.0,266,88,54075,53988-54075
甘肃,2025,历史类,专科批,160,265.0,265,90,54165,54076-54165
甘肃,2025,历史类,专科批,160,264.0,264,94,54259,54166-54259
甘肃,2025,历史类,专科批,160,263.0,263,81,54340,54260-54340
甘肃,2025,历史类,专科批,160,262.0,262,81,54421,54341-54421
甘肃,2025,历史类,专科批,160,261.0,261,77,54498,54422-54498
甘肃,2025,历史类,专科批,160,260.0,260,82,54580,54499-54580
甘肃,2025,历史类,专科批,160,259.0,259,80,54660,54581-54660
甘肃,2025,历史类,专科批,160,258.0,258,61,54721,54661-54721
甘肃,2025,历史类,专科批,160,257.0,257,65,54786,54722-54786
甘肃,2025,历史类,专科批,160,256.0,256,81,54867,54787-54867
甘肃,2025,历史类,专科批,160,255.0,255,61,54928,54868-54928
甘肃,2025,历史类,专科批,160,254.0,254,63,54991,54929-54991
甘肃,2025,历史类,专科批,160,253.0,253,63,55054,54992-55054
甘肃,2025,历史类,专科批,160,252.0,252,62,55116,55055-55116
甘肃,2025,历史类,专科批,160,251.0,251,61,55177,55117-55177
甘肃,2025,历史类,专科批,160,250.0,250,65,55242,55178-55242
甘肃,2025,历史类,专科批,160,249.0,249,45,55287,55243-55287
甘肃,2025,历史类,专科批,160,248.0,248,53,55340,55288-55340
甘肃,2025,历史类,专科批,160,247.0,247,54,55394,55341-55394
甘肃,2025,历史类,专科批,160,246.0,246,45,55439,55395-55439
甘肃,2025,历史类,专科批,160,245.0,245,51,55490,55440-55490
甘肃,2025,历史类,专科批,160,244.0,244,55,55545,55491-55545
甘肃,2025,历史类,专科批,160,243.0,243,49,55594,55546-55594
甘肃,2025,历史类,专科批,160,242.0,242,54,55648,55595-55648
甘肃,2025,历史类,专科批,160,241.0,241,49,55697,55649-55697
甘肃,2025,历史类,专科批,160,240.0,240,37,55734,55698-55734
甘肃,2025,历史类,专科批,160,239.0,239,42,55776,55735-55776
甘肃,2025,历史类,专科批,160,238.0,238,37,55813,55777-55813
甘肃,2025,历史类,专科批,160,237.0,237,49,55862,55814-55862
甘肃,2025,历史类,专科批,160,236.0,236,40,55902,55863-55902
甘肃,2025,历史类,专科批,160,235.0,235,46,55948,55903-55948
甘肃,2025,历史类,专科批,160,234.0,234,36,55984,55949-55984
甘肃,2025,历史类,专科批,160,233.0,233,34,56018,55985-56018
甘肃,2025,历史类,专科批,160,232.0,232,31,56049,56019-56049
甘肃,2025,历史类,专科批,160,231.0,231,38,56087,56050-56087
甘肃,2025,历史类,专科批,160,230.0,230,27,56114,56088-56114
甘肃,2025,历史类,专科批,160,229.0,229,42,56156,56115-56156
甘肃,2025,历史类,专科批,160,228.0,228,26,56182,56157-56182
甘肃,2025,历史类,专科批,160,227.0,227,30,56212,56183-56212
甘肃,2025,历史类,专科批,160,226.0,226,32,56244,56213-56244
甘肃,2025,历史类,专科批,160,225.0,225,33,56277,56245-56277
甘肃,2025,历史类,专科批,160,224.0,224,21,56298,56278-56298
甘肃,2025,历史类,专科批,160,223.0,223,36,56334,56299-56334
甘肃,2025,历史类,专科批,160,222.0,222,25,56359,56335-56359
甘肃,2025,历史类,专科批,160,221.0,221,16,56375,56360-56375
甘肃,2025,历史类,专科批,160,220.0,220,17,56392,56376-56392
甘肃,2025,历史类,专科批,160,219.0,219,27,56419,56393-56419
甘肃,2025,历史类,专科批,160,218.0,218,21,56440,56420-56440
甘肃,2025,历史类,专科批,160,217.0,217,16,56456,56441-56456
甘肃,2025,历史类,专科批,160,216.0,216,13,56469,56457-56469
甘肃,2025,历史类,专科批,160,215.0,215,24,56493,56470-56493
甘肃,2025,历史类,专科批,160,214.0,214,28,56521,56494-56521
甘肃,2025,历史类,专科批,160,213.0,213,25,56546,56522-56546
甘肃,2025,历史类,专科批,160,212.0,212,30,56576,56547-56576
甘肃,2025,历史类,专科批,160,211.0,211,7,56583,56577-56583
甘肃,2025,历史类,专科批,160,210.0,210,13,56596,56584-56596
甘肃,2025,历史类,专科批,160,209.0,209,19,56615,56597-56615
甘肃,2025,历史类,专科批,160,208.0,208,13,56628,56616-56628
甘肃,2025,历史类,专科批,160,207.0,207,16,56644,56629-56644
甘肃,2025,历史类,专科批,160,206.0,206,18,56662,56645-56662
甘肃,2025,历史类,专科批,160,205.0,205,16,56678,56663-56678
甘肃,2025,历史类,专科批,160,204.0,204,12,56690,56679-56690
甘肃,2025,历史类,专科批,160,203.0,203,12,56702,56691-56702
甘肃,2025,历史类,专科批,160,202.0,202,9,56711,56703-56711
甘肃,2025,历史类,专科批,160,201.0,201,12,56723,56712-56723
甘肃,2025,历史类,专科批,160,200.0,200,14,56737,56724-56737
甘肃,2025,历史类,专科批,160,199.0,199,16,56753,56738-56753
甘肃,2025,历史类,专科批,160,198.0,198,12,56765,56754-56765
甘肃,2025,历史类,专科批,160,197.0,197,18,56783,56766-56783
甘肃,2025,历史类,专科批,160,196.0,196,10,56793,56784-56793
甘肃,2025,历史类,专科批,160,195.0,195,9,56802,56794-56802
甘肃,2025,历史类,专科批,160,194.0,194,6,56808,56803-56808
甘肃,2025,历史类,专科批,160,193.0,193,7,56815,56809-56815
甘肃,2025,历史类,专科批,160,192.0,192,9,56824,56816-56824
甘肃,2025,历史类,专科批,160,191.0,191,9,56833,56825-56833
甘肃,2025,历史类,专科批,160,190.0,190,6,56839,56834-56839
甘肃,2025,历史类,专科批,160,189.0,189,10,56849,56840-56849
甘肃,2025,历史类,专科批,160,188.0,188,8,56857,56850-56857
甘肃,2025,历史类,专科批,160,187.0,187,5,56862,56858-56862
甘肃,2025,历史类,专科批,160,186.0,186,4,56866,56863-56866
甘肃,2025,历史类,专科批,160,185.0,185,7,56873,56867-56873
甘肃,2025,历史类,专科批,160,184.0,184,8,56881,56874-56881
甘肃,2025,历史类,专科批,160,183.0,183,7,56888,56882-56888
甘肃,2025,历史类,专科批,160,182.0,182,5,56893,56889-56893
甘肃,2025,历史类,专科批,160,181.0,181,5,56898,56894-56898
甘肃,2025,历史类,专科批,160,180.0,180,5,56903,56899-56903
甘肃,2025,历史类,专科批,160,179.0,179,5,56908,56904-56908
甘肃,2025,历史类,专科批,160,178.0,178,8,56916,56909-56916
甘肃,2025,历史类,专科批,160,177.0,177,5,56921,56917-56921
甘肃,2025,历史类,专科批,160,176.0,176,1,56922,56922-56922
甘肃,2025,历史类,专科批,160,175.0,175,5,56927,56923-56927
甘肃,2025,历史类,专科批,160,174.0,174,4,56931,56928-56931
甘肃,2025,历史类,专科批,160,173.0,173,6,56937,56932-56937
甘肃,2025,历史类,专科批,160,172.0,172,4,56941,56938-56941
甘肃,2025,历史类,专科批,160,171.0,171,5,56946,56942-56946
甘肃,2025,历史类,专科批,160,170.0,170,4,56950,56947-56950
甘肃,2025,历史类,专科批,160,169.0,169,3,56953,56951-56953
甘肃,2025,历史类,专科批,160,168.0,168,2,56955,56954-56955
甘肃,2025,历史类,专科批,160,167.0,167,3,56958,56956-56958
甘肃,2025,历史类,专科批,160,166.0,166,1,56959,56959-56959
甘肃,2025,历史类,专科批,160,165.0,165,3,56962,56960-56962
甘肃,2025,历史类,专科批,160,164.0,164,4,56966,56963-56966
甘肃,2025,历史类,专科批,160,163.0,163,1,56967,56967-56967
甘肃,2025,历史类,专科批,160,162.0,162,3,56970,56968-56970
甘肃,2025,历史类,专科批,160,161.0,161,2,56972,56971-56972
甘肃,2025,历史类,专科批,160,160.0,160,6,56978,56973-56978
甘肃,2025,历史类,专科批,160,159.0,159,5,56983,56979-56983
甘肃,2025,历史类,专科批,160,158.0,158,5,56988,56984-56988
甘肃,2025,历史类,专科批,160,157.0,157,2,56990,56989-56990
甘肃,2025,历史类,专科批,160,156.0,156,4,56994,56991-56994
甘肃,2025,历史类,专科批,160,155.0,155,1,56995,56995-56995
甘肃,2025,历史类,专科批,160,154.0,154,3,56998,56996-56998
甘肃,2025,历史类,专科批,160,153.0,153,1,56999,56999-56999
甘肃,2025,历史类,专科批,160,152.0,152,2,57001,57000-57001
甘肃,2025,历史类,专科批,160,151.0,151,3,57004,57002-57004
甘肃,2025,历史类,专科批,160,150.0,150,3,57007,57005-57007
甘肃,2025,历史类,专科批,160,149.0,149,1,57008,57008-57008
甘肃,2025,历史类,专科批,160,148.0,148,0,57008,57008-57008
甘肃,2025,历史类,专科批,160,147.0,147,3,57011,57009-57011
甘肃,2025,历史类,专科批,160,146.0,146,1,57012,57012-57012
甘肃,2025,历史类,专科批,160,145.0,145,4,57016,57013-57016
甘肃,2025,历史类,专科批,160,144.0,144,3,57019,57017-57019
甘肃,2025,历史类,专科批,160,143.0,143,1,57020,57020-57020
甘肃,2025,历史类,专科批,160,142.0,142,2,57022,57021-57022
甘肃,2025,历史类,专科批,160,141.0,141,2,57024,57023-57024
甘肃,2025,历史类,专科批,160,140.0,140,1,57025,57025-57025
甘肃,2025,历史类,专科批,160,139.0,139,2,57027,57026-57027
甘肃,2025,历史类,专科批,160,138.0,138,2,57029,57028-57029
甘肃,2025,历史类,专科批,160,137.0,137,1,57030,57030-57030
甘肃,2025,历史类,专科批,160,136.0,136,1,57031,57031-57031
甘肃,2025,历史类,专科批,160,135.0,135,3,57034,57032-57034
甘肃,2025,历史类,专科批,160,134.0,134,2,57036,57035-57036
甘肃,2025,历史类,专科批,160,133.0,133,0,57036,57036-57036
甘肃,2025,历史类,专科批,160,132.0,132,0,57036,57036-57036
甘肃,2025,历史类,专科批,160,131.0,131,4,57040,57037-57040
甘肃,2025,历史类,专科批,160,130.0,130,1,57041,57041-57041
甘肃,2025,历史类,专科批,160,129.0,129,0,57041,57041-57041
甘肃,2025,历史类,专科批,160,128.0,128,2,57043,57042-57043
甘肃,2025,历史类,专科批,160,127.0,127,1,57044,57044-57044
甘肃,2025,历史类,专科批,160,126.0,126,0,57044,57044-57044
甘肃,2025,历史类,专科批,160,125.0,125,1,57045,57045-57045
甘肃,2025,历史类,专科批,160,124.0,124,0,57045,57045-57045
甘肃,2025,历史类,专科批,160,123.0,123,0,57045,57045-57045
甘肃,2025,历史类,专科批,160,122.0,122,0,57045,57045-57045
甘肃,2025,历史类,专科批,160,121.0,121,0,57045,57045-57045
甘肃,2025,历史类,专科批,160,120.0,120,1,57046,57046-57046
甘肃,2025,历史类,专科批,160,119.0,119,0,57046,57046-57046
甘肃,2025,历史类,专科批,160,118.0,118,0,57046,57046-57046
甘肃,2025,历史类,专科批,160,117.0,117,1,57047,57047-57047
甘肃,2025,历史类,专科批,160,116.0,116,4,57051,57048-57051
甘肃,2025,历史类,专科批,160,115.0,115,0,57051,57051-57051
甘肃,2025,历史类,专科批,160,114.0,114,0,57051,57051-57051
甘肃,2025,历史类,专科批,160,113.0,113,0,57051,57051-57051
甘肃,2025,历史类,专科批,160,112.0,112,2,57053,57052-57053
甘肃,2025,历史类,专科批,160,111.0,111,1,57054,57054-57054
甘肃,2025,历史类,专科批,160,110.0,110,1,57055,57055-57055
甘肃,2025,历史类,专科批,160,109.0,109,1,57056,57056-57056
甘肃,2025,历史类,专科批,160,108.0,108,1,57057,57057-57057
甘肃,2025,历史类,专科批,160,107.0,107,1,57058,57058-57058
甘肃,2025,历史类,专科批,160,106.0,106,1,57059,57059-57059
甘肃,2025,历史类,专科批,160,105.0,105,1,57060,57060-57060
甘肃,2025,历史类,专科批,160,104.0,104,0,57060,57060-57060
甘肃,2025,历史类,专科批,160,103.0,103,2,57062,57061-57062
甘肃,2025,历史类,专科批,160,102.0,102,1,57063,57063-57063
甘肃,2025,历史类,专科批,160,101.0,101,0,57063,57063-57063
甘肃,2025,历史类,专科批,160,100.0,100,1,57064,57064-57064
甘肃,2025,历史类,专科批,160,99.0,99,1,57065,57065-57065
甘肃,2025,历史类,专科批,160,98.0,98,3,57068,57066-57068
甘肃,2025,历史类,专科批,160,97.0,97,0,57068,57068-57068
甘肃,2025,历史类,专科批,160,96.0,96,0,57068,57068-57068
甘肃,2025,历史类,专科批,160,95.0,95,0,57068,57068-57068
甘肃,2025,历史类,专科批,160,94.0,94,0,57068,57068-57068
甘肃,2025,历史类,专科批,160,93.0,93,1,57069,57069-57069
甘肃,2025,历史类,专科批,160,92.0,92,0,57069,57069-57069
甘肃,2025,历史类,专科批,160,91.0,91,0,57069,57069-57069
甘肃,2025,历史类,专科批,160,90.0,90,0,57069,57069-57069
甘肃,2025,历史类,专科批,160,89.0,89,0,57069,57069-57069
甘肃,2025,历史类,专科批,160,88.0,88,0,57069,57069-57069
甘肃,2025,历史类,专科批,160,87.0,87,0,57069,57069-57069
甘肃,2025,历史类,专科批,160,86.0,86,0,57069,57069-57069
甘肃,2025,历史类,专科批,160,85.0,85,1,57070,57070-57070
甘肃,2025,历史类,专科批,160,84.0,84,1,57071,57071-57071
甘肃,2025,历史类,专科批,160,83.0,83,0,57071,57071-57071
甘肃,2025,历史类,专科批,160,82.0,82,0,57071,57071-57071
甘肃,2025,历史类,专科批,160,81.0,81,0,57071,57071-57071
甘肃,2025,历史类,专科批,160,80.0,80,1,57072,57072-57072
甘肃,2025,历史类,专科批,160,79.0,79,0,57072,57072-57072
甘肃,2025,历史类,专科批,160,78.0,78,2,57074,57073-57074
甘肃,2025,历史类,专科批,160,77.0,77,1,57075,57075-57075
甘肃,2025,历史类,专科批,160,76.0,76,0,57075,57075-57075
甘肃,2025,历史类,专科批,160,75.0,75,1,57076,57076-57076
甘肃,2025,历史类,专科批,160,74.0,74,1,57077,57077-57077
甘肃,2025,历史类,专科批,160,73.0,73,0,57077,57077-57077
甘肃,2025,历史类,专科批,160,72.0,72,0,57077,57077-57077
甘肃,2025,历史类,专科批,160,71.0,71,0,57077,57077-57077
甘肃,2025,历史类,专科批,160,70.0,70,3,57080,57078-57080
甘肃,2025,历史类,专科批,160,69.0,69,0,57080,57080-57080
甘肃,2025,历史类,专科批,160,68.0,68,0,57080,57080-57080
甘肃,2025,历史类,专科批,160,67.0,67,0,57080,57080-57080
甘肃,2025,历史类,专科批,160,66.0,66,0,57080,57080-57080
甘肃,2025,历史类,专科批,160,65.0,65,1,57081,57081-57081
甘肃,2025,历史类,专科批,160,64.0,64,2,57083,57082-57083
甘肃,2025,历史类,专科批,160,63.0,63,1,57084,57084-57084
甘肃,2025,历史类,专科批,160,62.0,62,1,57085,57085-57085
甘肃,2025,历史类,专科批,160,61.0,61,0,57085,57085-57085
甘肃,2025,历史类,专科批,160,60.0,60,1,57086,57086-57086
甘肃,2025,历史类,专科批,160,59.0,59,0,57086,57086-57086
甘肃,2025,历史类,专科批,160,58.0,58,0,57086,57086-57086
甘肃,2025,历史类,专科批,160,57.0,57,1,57087,57087-57087
甘肃,2025,历史类,专科批,160,56.0,56,0,57087,57087-57087
甘肃,2025,历史类,专科批,160,55.0,55,1,57088,57088-57088
甘肃,2025,历史类,专科批,160,54.0,54,1,57089,57089-57089
甘肃,2025,历史类,专科批,160,53.0,53,1,57090,57090-57090
甘肃,2025,历史类,专科批,160,52.0,52,0,57090,57090-57090
甘肃,2025,历史类,专科批,160,51.0,51,0,57090,57090-57090
甘肃,2025,历史类,专科批,160,50.0,50,1,57091,57091-57091
甘肃,2025,历史类,专科批,160,49.0,49,2,57093,57092-57093
甘肃,2025,历史类,专科批,160,48.0,48,1,57094,57094-57094
甘肃,2025,历史类,专科批,160,47.0,47,0,57094,57094-57094
甘肃,2025,历史类,专科批,160,46.0,46,1,57095,57095-57095
甘肃,2025,历史类,专科批,160,45.0,45,0,57095,57095-57095
甘肃,2025,历史类,专科批,160,44.0,44,0,57095,57095-57095
甘肃,2025,历史类,专科批,160,43.0,43,0,57095,57095-57095
甘肃,2025,历史类,专科批,160,42.0,42,0,57095,57095-57095
甘肃,2025,历史类,专科批,160,41.0,41,3,57098,57096-57098
甘肃,2025,历史类,专科批,160,40.0,40,0,57098,57098-57098
甘肃,2025,历史类,专科批,160,39.0,39,0,57098,57098-57098
甘肃,2025,历史类,专科批,160,38.0,38,0,57098,57098-57098
甘肃,2025,历史类,专科批,160,37.0,37,1,57099,57099-57099
甘肃,2025,历史类,专科批,160,36.0,36,2,57101,57100-57101
甘肃,2025,历史类,专科批,160,35.0,35,0,57101,57101-57101
甘肃,2025,历史类,专科批,160,34.0,34,0,57101,57101-57101
甘肃,2025,历史类,专科批,160,33.0,33,1,57102,57102-57102
甘肃,2025,历史类,专科批,160,32.0,32,0,57102,57102-57102
甘肃,2025,历史类,专科批,160,31.0,31,0,57102,57102-57102
甘肃,2025,历史类,专科批,160,30.0,30,1,57103,57103-57103
甘肃,2025,历史类,专科批,160,29.0,29,1,57104,57104-57104
甘肃,2025,历史类,专科批,160,28.0,28,0,57104,57104-57104
甘肃,2025,历史类,专科批,160,27.0,27,0,57104,57104-57104
甘肃,2025,历史类,专科批,160,26.0,26,1,57105,57105-57105
甘肃,2025,历史类,专科批,160,25.0,25,0,57105,57105-57105
甘肃,2025,历史类,专科批,160,24.0,24,0,57105,57105-57105
甘肃,2025,历史类,专科批,160,23.0,23,1,57106,57106-57106
甘肃,2025,历史类,专科批,160,22.0,22,0,57106,57106-57106
甘肃,2025,历史类,专科批,160,21.0,21,1,57107,57107-57107
甘肃,2025,历史类,专科批,160,20.0,20,191,57298,57108-57298
甘肃,2025,历史类,专科批,160,19.0,19,0,57298,57298-57298
甘肃,2025,历史类,专科批,160,18.0,18,1,57299,57299-57299
甘肃,2025,历史类,专科批,160,17.0,17,3,57302,57300-57302
甘肃,2025,历史类,专科批,160,16.0,16,0,57302,57302-57302
甘肃,2025,历史类,专科批,160,15.0,15,0,57302,57302-57302
甘肃,2025,历史类,专科批,160,14.0,14,0,57302,57302-57302
甘肃,2025,历史类,专科批,160,13.0,13,2,57304,57303-57304
甘肃,2025,历史类,专科批,160,12.0,12,1,57305,57305-57305
甘肃,2025,历史类,专科批,160,11.0,11,0,57305,57305-57305
甘肃,2025,历史类,专科批,160,10.0,10,6,57311,57306-57311
甘肃,2025,历史类,专科批,160,9.0,9,1,57312,57312-57312
甘肃,2025,历史类,专科批,160,8.0,8,0,57312,57312-57312
甘肃,2025,历史类,专科批,160,7.0,7,0,57312,57312-57312
甘肃,2025,历史类,专科批,160,6.0,6,0,57312,57312-57312
甘肃,2025,历史类,专科批,160,5.0,5,1,57313,57313-57313
甘肃,2025,历史类,专科批,160,4.0,4,0,57313,57313-57313
甘肃,2025,历史类,专科批,160,3.0,3,0,57313,57313-57313
甘肃,2025,历史类,专科批,160,2.0,2,0,57313,57313-57313
甘肃,2025,历史类,专科批,160,1.0,1,0,57313,57313-57313
甘肃,2025,历史类,专科批,160,0.0,0,1061,58374,57314-58374
