province,year,category,batch,university_code,university_name,major_group,subject_req,min_score,min_rank,control_score,score_diff,admit_count,school_province,school_nature,is_985,is_211
黑龙江,2025,历史类,专科批,1076,北京科技职业大学,（001）,首选历史，再选不限,422,19248,,,0,北京,公办,0,0
黑龙江,2025,历史类,专科批,1170,张家口学院,（001）,首选历史，再选不限,433,17669,,,4,河北,公办,0,0
黑龙江,2025,历史类,专科批,2014,湖南汽车工程职业大学,（003）,首选历史，再选不限,342,34418,,,0,湖南,公办,0,0
黑龙江,2025,历史类,专科批,3128,大连科技学院,（002）,首选历史，再选不限,308,41990,,,0,辽宁,民办,0,0
黑龙江,2025,历史类,专科批,3168,长春科技学院,（002）,首选历史，再选不限,195,31991,,,0,吉林,民办,0,0
黑龙江,2025,历史类,专科批,3809,西安明德理工学院,（002）,首选历史，再选不限,244,46955,,,0,陕西,民办,0,0
黑龙江,2025,历史类,专科批,4102,河北交通职业技术学院,（002）,首选历史，再选不限,355,30115,,,0,河北,公办,0,0
黑龙江,2025,历史类,专科批,4123,石家庄幼儿师范高等专科学校,,首选历史，再选不限,263,28920,,,9,河北,公办,0,0
黑龙江,2025,历史类,专科批,4128,唐山幼儿师范高等专科学校,（001）,首选历史，再选不限,387,25032,,,6,河北,公办,0,0
黑龙江,2025,历史类,专科批,4203,太原幼儿师范高等专科学校,（001）,首选历史，再选不限,307,39631,,,10,山西,公办,0,0
黑龙江,2025,历史类,专科批,4276,大连职业技术学院,（001）,首选历史，再选不限,378,27529,,,0,辽宁,公办,0,0
黑龙江,2025,历史类,专科批,4282,盘锦职业技术学院,（001）,首选历史，再选不限,379,26016,,,0,辽宁,公办,0,0
黑龙江,2025,历史类,专科批,4286,辽宁生态工程职业学院,（001）,首选历史，再选不限,365,30115,,,0,辽宁,公办,0,0
黑龙江,2025,历史类,专科批,4307,辽宁民族师范高等专科学校,（001）,首选历史，再选不限,373,27529,,,0,辽宁,公办,0,0
黑龙江,2025,历史类,专科批,4344,长春金融高等专科学校,,首选历史，再选不限,368,24262,,,26,吉林,公办,0,0
黑龙江,2025,历史类,专科批,4382,伊春职业学院,（002）,首选历史，再选不限,271,31160,,,365,黑龙江,公办,0,0
黑龙江,2025,历史类,专科批,4391,黑龙江农业工程职业学院,（002）,首选历史，再选不限,350,17478,,,0,黑龙江,公办,0,0
黑龙江,2025,历史类,专科批,4392,黑龙江农垦职业学院,,首选历史，再选不限,320,27331,,,1854,黑龙江,公办,0,0
黑龙江,2025,历史类,专科批,4396,大兴安岭职业学院,（002）,首选历史，再选不限,248,40659,,,57,黑龙江,公办,0,0
黑龙江,2025,历史类,专科批,4405,黑龙江民族职业学院,（001）,首选历史，再选不限,319,32816,,,405,黑龙江,公办,0,0
黑龙江,2025,历史类,专科批,4407,黑龙江交通职业技术学院,（001）,首选历史，再选不限,324,20723,,,893,黑龙江,公办,0,0
黑龙江,2025,历史类,专科批,4412,哈尔滨幼儿师范高等专科学校,,首选历史，再选不限,236,28920,,,0,黑龙江,公办,0,0
黑龙江,2025,历史类,专科批,4448,上海东海职业技术学院,（001）,首选历史，再选不限,289,43275,,,0,上海,民办,0,0
黑龙江,2025,历史类,专科批,4449,上海工商职业技术学院,（001）,首选历史，再选不限,287,43464,,,0,上海,民办,0,0
黑龙江,2025,历史类,专科批,4450,上海震旦职业学院,（001）,首选历史，再选不限,363,31364,,,0,上海,民办,0,0
黑龙江,2025,历史类,专科批,4455,上海工商外国语职业学院,（001）,首选历史，再选不限,281,47106,,,0,上海,民办,0,0
黑龙江,2025,历史类,专科批,4456,上海邦德职业技术学院,（001）,首选历史，再选不限,292,40458,,,0,上海,民办,0,0
黑龙江,2025,历史类,专科批,4484,江苏工程职业技术学院,（001）,首选历史，再选不限,374,29137,,,3,江苏,公办,0,0
黑龙江,2025,历史类,专科批,4486,连云港职业技术学院,（001）,首选历史，再选不限,365,30946,,,0,江苏,公办,0,0
黑龙江,2025,历史类,专科批,4487,镇江市高等专科学校,（001）,首选历史，再选不限,390,25411,,,6,江苏,公办,0,0
黑龙江,2025,历史类,专科批,4523,常州机电职业技术学院,（001）,首选历史，再选不限,394,20536,,,10,江苏,公办,0,0
黑龙江,2025,历史类,专科批,4536,徐州幼儿师范高等专科学校,（001）,首选历史，再选不限,361,31794,,,0,江苏,公办,0,0
黑龙江,2025,历史类,专科批,4603,浙江建设职业技术学院,（001）,首选历史，再选不限,385,19800,,,0,浙江,公办,0,0
黑龙江,2025,历史类,专科批,4606,浙江商业职业技术学院,（001）,首选历史，再选不限,387,20536,,,8,浙江,公办,0,0
黑龙江,2025,历史类,专科批,4618,浙江纺织服装职业技术学院,（001）,首选历史，再选不限,370,29328,,,0,浙江,公办,0,0
黑龙江,2025,历史类,专科批,4620,浙江邮电职业技术学院,（001）,首选历史，再选不限,392,24655,,,4,浙江,公办,0,0
黑龙江,2025,历史类,专科批,4657,安徽第二医学院,（001）,首选历史，再选不限,411,21832,,,2,安徽,公办,0,0
黑龙江,2025,历史类,专科批,4658,安徽中医药高等专科学校,（001）,首选历史，再选不限,412,17316,,,10,安徽,公办,0,0
黑龙江,2025,历史类,专科批,4802,江西医学高等专科学校,（001）,首选历史，再选不限,383,25818,,,0,江西,公办,0,0
黑龙江,2025,历史类,专科批,4815,江西应用技术职业学院,（001）,首选历史，再选不限,341,35909,,,1,江西,公办,0,0
黑龙江,2025,历史类,专科批,4818,江西机电职业技术学院,（001）,首选历史，再选不限,338,33221,,,6,江西,公办,0,0
黑龙江,2025,历史类,专科批,4821,宜春职业技术学院,（001）,首选历史，再选不限,294,45054,,,5,江西,公办,0,0
黑龙江,2025,历史类,专科批,4826,抚州医药学院,,首选历史，再选不限,390,23314,,,0,江西,公办,0,0
黑龙江,2025,历史类,专科批,4852,江西航空职业技术学院,（002）,首选历史，再选不限,351,31364,,,8,江西,民办,0,0
黑龙江,2025,历史类,专科批,4887,威海职业学院,（001）,首选历史，再选不限,369,28318,,,10,山东,公办,0,0
黑龙江,2025,历史类,专科批,4896,滨州职业学院,（001）,首选历史，再选不限,377,25411,,,0,山东,公办,0,0
黑龙江,2025,历史类,专科批,4905,山东信息职业技术学院,,首选历史，再选不限,322,30334,,,0,山东,公办,0,0
黑龙江,2025,历史类,专科批,4923,山东商务职业学院,（001）,首选历史，再选不限,349,32601,,,7,山东,公办,0,0
黑龙江,2025,历史类,专科批,4931,枣庄职业学院,,首选历史，再选不限,384,19996,,,10,山东,公办,0,0
黑龙江,2025,历史类,专科批,4983,三门峡职业技术学院,（001）,首选历史，再选不限,319,35687,,,0,河南,公办,0,0
黑龙江,2025,历史类,专科批,4999,鹤壁职业技术学院,（001）,首选历史，再选不限,160,37174,,,0,河南,公办,0,0
黑龙江,2025,历史类,专科批,5019,安阳职业技术学院,（001）,首选历史，再选不限,364,26267,,,0,河南,公办,0,0
黑龙江,2025,历史类,专科批,5032,河南医学高等专科学校,（001）,首选历史，再选不限,400,23877,,,0,河南,公办,0,0
黑龙江,2025,历史类,专科批,5313,广东科贸职业学院,（001）,首选历史，再选不限,362,29740,,,16,广东,公办,0,0
黑龙江,2025,历史类,专科批,5412,广西信息职业技术学院,（001）,首选历史，再选不限,325,39231,,,2,广西,公办,0,0
黑龙江,2025,历史类,专科批,5444,海南外国语职业学院,（001）,首选历史，再选不限,362,31584,,,0,海南,公办,0,0
黑龙江,2025,历史类,专科批,5457,三亚护理职业学院,（001）,首选历史，再选不限,160,53147,,,0,海南,民办,0,0
黑龙江,2025,历史类,专科批,5478,重庆工程职业技术学院,（001）,首选历史，再选不限,383,26267,,,2,重庆,公办,0,0
黑龙江,2025,历史类,专科批,5485,重庆财经职业学院,（001）,首选历史，再选不限,365,20723,,,0,重庆,公办,0,0
黑龙江,2025,历史类,专科批,5697,楚雄医药高等专科学校,（001）,首选历史，再选不限,378,28318,,,2,云南,公办,0,0
黑龙江,2025,历史类,专科批,5753,西藏职业技术学院,（001）,首选历史，再选思想政治、地理(2科必选),241,51743,,,5,西藏,公办,0,0
黑龙江,2025,历史类,本科批,1002,北京大学医学部,（001）,首选历史，再选不限,646,67,,,0,北京,公办,1,1
黑龙江,2025,历史类,本科批,1012,中央民族大学,,首选历史，再选不限,541,713,,,0,北京,公办,1,1
黑龙江,2025,历史类,本科批,1016,北京科技大学,（002）,首选历史，再选不限,589,987,,,12,北京,公办,0,1
黑龙江,2025,历史类,本科批,1017,北京化工大学,（001）,首选历史，再选不限,582,1256,,,0,北京,公办,0,1
黑龙江,2025,历史类,本科批,1018,北京邮电大学,（001）,首选历史，再选不限,596,665,,,12,北京,公办,0,1
黑龙江,2025,历史类,本科批,1020,北京林业大学,（001）,首选历史，再选不限,578,1590,,,0,北京,公办,0,1
黑龙江,2025,历史类,本科批,1020,北京林业大学,（002）,首选历史，再选地理,580,1590,,,0,北京,公办,0,1
黑龙江,2025,历史类,本科批,1021,北京中医药大学,（001）,首选历史，再选不限,585,873,,,0,北京,公办,0,1
黑龙江,2025,历史类,本科批,1022,北京外国语大学,（002）,首选历史，再选不限,603,348,,,0,北京,公办,0,1
黑龙江,2025,历史类,本科批,1022,北京外国语大学,（003）,首选历史，再选思想政治,609,426,,,0,北京,公办,0,1
黑龙江,2025,历史类,本科批,1023,中国传媒大学,,首选历史，再选不限,569,961,,,0,北京,公办,0,1
黑龙江,2025,历史类,本科批,1024,中央财经大学,,首选历史，再选不限,581,299,,,0,北京,公办,0,1
黑龙江,2025,历史类,本科批,1025,对外经济贸易大学,（003）,首选历史，再选不限,615,348,,,18,北京,公办,0,1
黑龙江,2025,历史类,本科批,1026,北京体育大学,,首选历史，再选不限,564,2112,,,0,北京,公办,0,1
黑龙江,2025,历史类,本科批,1031,中国石油大学（北京）,（001）,首选历史，再选不限,581,1550,,,0,北京,公办,0,1
黑龙江,2025,历史类,本科批,1031,中国石油大学（北京）,（002）,首选历史，再选思想政治,586,1333,,,0,北京,公办,0,1
黑龙江,2025,历史类,本科批,1032,中国石油大学（北京）克拉玛依校区,（001）,首选历史，再选不限,530,4176,,,0,新疆,公办,0,1
黑龙江,2025,历史类,本科批,1032,中国石油大学（北京）克拉玛依校区,（002）,首选历史，再选思想政治,552,3284,,,0,新疆,公办,0,1
黑龙江,2025,历史类,本科批,1033,中国地质大学（北京）,（002）,首选历史，再选不限,579,1663,,,0,北京,公办,0,1
黑龙江,2025,历史类,本科批,1039,中央美术学院,（001）,首选历史，再选不限,541,4109,,,0,北京,公办,0,0
黑龙江,2025,历史类,本科批,1040,中央戏剧学院,（001）,首选历史，再选不限,577,1772,,,0,北京,公办,0,0
黑龙江,2025,历史类,本科批,1046,中华女子学院,（001）,首选历史，再选不限,512,5882,,,15,北京,公办,0,0
黑龙江,2025,历史类,本科批,1047,中国劳动关系学院,,首选历史，再选不限,506,3859,,,0,北京,公办,0,0
黑龙江,2025,历史类,本科批,1057,首都经济贸易大学,（001）,首选历史，再选不限,574,1550,,,0,北京,公办,0,0
黑龙江,2025,历史类,本科批,1059,北京联合大学,（001）,首选历史，再选不限,519,5882,,,0,北京,公办,0,0
黑龙江,2025,历史类,本科批,1066,北京物资学院,（001）,首选历史，再选不限,536,3538,,,0,北京,公办,0,0
黑龙江,2025,历史类,本科批,1095,天津工业大学,（001）,首选历史，再选不限,560,2045,,,8,天津,公办,0,0
黑龙江,2025,历史类,本科批,1097,中国民航大学,（001）,首选历史，再选不限,545,1333,,,0,天津,公办,0,0
黑龙江,2025,历史类,本科批,1097,中国民航大学,（002）,首选历史，再选思想政治,567,2312,,,0,天津,公办,0,0
黑龙江,2025,历史类,本科批,1101,天津师范大学,（001）,首选历史，再选不限,530,2548,,,0,天津,公办,0,0
黑龙江,2025,历史类,本科批,1101,天津师范大学,（002）,首选历史，再选思想政治,563,1497,,,0,天津,公办,0,0
黑龙江,2025,历史类,本科批,1102,天津职业技术师范大学,（001）,首选历史，再选不限,480,8471,,,0,天津,公办,0,0
黑龙江,2025,历史类,本科批,1135,防灾科技学院,,首选历史，再选不限,473,7524,,,0,河北,公办,0,0
黑龙江,2025,历史类,本科批,1137,河北大学,（001）,首选历史，再选不限,498,2986,,,0,河北,公办,0,0
黑龙江,2025,历史类,本科批,1138,河北工程大学,,首选历史，再选不限,461,4667,,,0,河北,公办,0,0
黑龙江,2025,历史类,本科批,1143,河北医科大学,（001）,首选历史，再选生物,500,8108,,,0,河北,公办,0,0
黑龙江,2025,历史类,本科批,1144,河北师范大学,（001）,首选历史，再选不限,555,2800,,,10,河北,公办,0,0
黑龙江,2025,历史类,本科批,1144,河北师范大学,（002）,首选历史，再选地理,534,3930,,,8,河北,公办,0,0
黑龙江,2025,历史类,本科批,1145,石家庄铁道大学,,首选历史，再选不限,504,3403,,,0,河北,公办,0,0
黑龙江,2025,历史类,本科批,1146,燕山大学,,首选历史，再选不限,469,3538,,,54,河北,公办,0,0
黑龙江,2025,历史类,本科批,1157,河北民族师范学院,（001）,首选历史，再选不限,502,7855,,,5,河北,公办,0,0
黑龙江,2025,历史类,本科批,1159,廊坊师范学院,（001）,首选历史，再选不限,457,12852,,,8,河北,公办,0,0
黑龙江,2025,历史类,本科批,1165,河北科技师范学院,（001）,首选历史，再选不限,443,8471,,,0,河北,公办,0,0
黑龙江,2025,历史类,本科批,1168,河北金融学院,,首选历史，再选不限,379,6600,,,10,河北,公办,0,0
黑龙江,2025,历史类,本科批,1169,北华航天工业学院,（001）,首选历史，再选不限,478,7855,,,12,河北,公办,0,0
黑龙江,2025,历史类,本科批,1171,河北环境工程学院,（001）,首选历史，再选不限,444,14191,,,9,河北,公办,0,0
黑龙江,2025,历史类,本科批,1194,中北大学,（001）,首选历史，再选不限,492,8595,,,5,山西,公办,0,0
黑龙江,2025,历史类,本科批,1195,山西农业大学,（001）,首选历史，再选不限,497,8471,,,0,山西,公办,0,0
黑龙江,2025,历史类,本科批,1195,山西农业大学,（002）,首选历史，再选思想政治,477,10074,,,0,山西,公办,0,0
黑龙江,2025,历史类,本科批,1196,山西医科大学,（002）,首选历史，再选不限,481,7638,,,7,山西,公办,0,0
黑龙江,2025,历史类,本科批,1196,山西医科大学,（003）,首选历史，再选生物,469,12136,,,3,山西,公办,0,0
黑龙江,2025,历史类,本科批,1197,山西师范大学,（001）,首选历史，再选不限,509,5358,,,4,山西,公办,0,0
黑龙江,2025,历史类,本科批,1197,山西师范大学,（002）,首选历史，再选思想政治,547,3615,,,1,山西,公办,0,0
黑龙江,2025,历史类,本科批,1203,太原师范学院,（002）,首选历史，再选不限,517,5991,,,0,山西,公办,0,0
黑龙江,2025,历史类,本科批,1203,太原师范学院,（003）,首选历史，再选思想政治,513,6600,,,0,山西,公办,0,0
黑龙江,2025,历史类,本科批,1205,长治学院,,首选历史，再选不限,445,12136,,,20,山西,公办,0,0
黑龙江,2025,历史类,本科批,1205,长治学院,（003）,首选历史，再选思想政治,482,10349,,,2,山西,公办,0,0
黑龙江,2025,历史类,本科批,1207,忻州师范学院,,首选历史，再选不限,439,8945,,,31,山西,公办,0,0
黑龙江,2025,历史类,本科批,1207,忻州师范学院,（003）,首选历史，再选地理,461,13129,,,4,山西,公办,0,0
黑龙江,2025,历史类,本科批,1208,吕梁学院,（001）,首选历史，再选不限,473,11611,,,1,山西,公办,0,0
黑龙江,2025,历史类,本科批,1209,太原学院,（001）,首选历史，再选不限,404,23148,,,0,山西,公办,0,0
黑龙江,2025,历史类,本科批,1241,内蒙古大学,,首选历史，再选不限,549,1866,,,8,内蒙古,公办,0,1
黑龙江,2025,历史类,本科批,1241,内蒙古大学,（004）,首选历史，再选思想政治,559,2800,,,1,内蒙古,公办,0,1
黑龙江,2025,历史类,本科批,1250,内蒙古财经大学,（001）,首选历史，再选不限,503,6703,,,0,内蒙古,公办,0,0
黑龙江,2025,历史类,本科批,1256,呼和浩特民族学院,,首选历史，再选不限,442,9321,,,8,内蒙古,公办,0,0
黑龙江,2025,历史类,本科批,1257,内蒙古艺术学院,（001）,首选历史，再选不限,436,17316,,,0,内蒙古,公办,0,0
黑龙江,2025,历史类,本科批,1286,大连海事大学,,首选历史，再选不限,571,1170,,,0,辽宁,公办,0,1
黑龙江,2025,历史类,本科批,1292,沈阳理工大学,,首选历史，再选不限,500,5991,,,5,辽宁,公办,0,0
黑龙江,2025,历史类,本科批,1296,沈阳化工大学,（002）,首选历史，再选不限,491,8471,,,0,辽宁,公办,0,0
黑龙江,2025,历史类,本科批,1298,大连工业大学,,首选历史，再选不限,427,7525,,,13,辽宁,公办,0,0
黑龙江,2025,历史类,本科批,1299,沈阳建筑大学,（001）,首选历史，再选不限,507,7279,,,3,辽宁,公办,0,0
黑龙江,2025,历史类,本科批,1305,大连医科大学,（001）,首选历史，再选不限,566,2375,,,0,辽宁,公办,0,0
黑龙江,2025,历史类,本科批,1306,辽宁中医药大学,（001）,首选历史，再选不限,559,2800,,,0,辽宁,公办,0,0
黑龙江,2025,历史类,本科批,1306,辽宁中医药大学,（002）,首选历史，再选化学,446,15644,,,0,辽宁,公办,0,0
黑龙江,2025,历史类,本科批,1308,辽宁师范大学,,首选历史，再选不限,498,6210,,,12,辽宁,公办,0,0
黑龙江,2025,历史类,本科批,1309,沈阳师范大学,,首选历史，再选不限,420,6303,,,25,辽宁,公办,0,0
黑龙江,2025,历史类,本科批,1311,大连外国语大学,（001）,首选历史，再选不限,518,4921,,,18,辽宁,公办,0,0
黑龙江,2025,历史类,本科批,1311,大连外国语大学,（002）,首选历史，再选思想政治,543,3930,,,1,辽宁,公办,0,0
黑龙江,2025,历史类,本科批,1313,沈阳大学,（002）,首选历史，再选不限,487,8945,,,10,辽宁,公办,0,0
黑龙江,2025,历史类,本科批,1316,鞍山师范学院,（001）,首选历史，再选不限,468,12004,,,0,辽宁,公办,0,0
黑龙江,2025,历史类,本科批,1323,辽东学院,,首选历史，再选不限,447,9321,,,0,辽宁,公办,0,0
黑龙江,2025,历史类,本科批,1324,营口理工学院,（001）,首选历史，再选不限,457,13559,,,4,辽宁,公办,0,0
黑龙江,2025,历史类,本科批,1351,吉林大学,,首选历史，再选不限,583,139,,,69,吉林,公办,1,1
黑龙江,2025,历史类,本科批,1351,吉林大学,（005）,首选历史，再选思想政治,599,348,,,11,吉林,公办,1,1
黑龙江,2025,历史类,本科批,1352,延边大学,,首选历史，再选不限,408,3930,,,0,吉林,公办,0,1
黑龙江,2025,历史类,本科批,1352,延边大学,（007）,首选历史，再选地理,562,2610,,,0,吉林,公办,0,1
黑龙江,2025,历史类,本科批,1353,东北师范大学,,首选历史，再选不限,537,961,,,0,吉林,公办,0,1
黑龙江,2025,历史类,本科批,1353,东北师范大学,（013）,首选历史，再选思想政治,594,987,,,0,吉林,公办,0,1
黑龙江,2025,历史类,本科批,1355,长春理工大学,,首选历史，再选不限,441,5787,,,0,吉林,公办,0,0
黑龙江,2025,历史类,本科批,1356,东北电力大学,,首选历史，再选不限,490,8229,,,11,吉林,公办,0,0
黑龙江,2025,历史类,本科批,1356,东北电力大学,（003）,首选历史，再选思想政治,533,4763,,,3,吉林,公办,0,0
黑龙江,2025,历史类,本科批,1357,长春工业大学,（001）,首选历史，再选不限,488,6303,,,15,吉林,公办,0,0
黑龙江,2025,历史类,本科批,1358,吉林建筑大学,（001）,首选历史，再选不限,478,10919,,,0,吉林,公办,0,0
黑龙江,2025,历史类,本科批,1359,吉林农业大学,（002）,首选历史，再选不限,458,8355,,,0,吉林,公办,0,0
黑龙江,2025,历史类,本科批,1361,北华大学,（001）,首选历史，再选不限,473,8595,,,12,吉林,公办,0,0
黑龙江,2025,历史类,本科批,1363,长春师范大学,,首选历史，再选不限,435,10495,,,13,吉林,公办,0,0
黑龙江,2025,历史类,本科批,1365,长春大学,,首选历史，再选不限,433,8471,,,12,吉林,公办,0,0
黑龙江,2025,历史类,本科批,1368,吉林工程技术师范学院,,首选历史，再选不限,444,14332,,,0,吉林,公办,0,0
黑龙江,2025,历史类,本科批,1373,长春工程学院,,首选历史，再选不限,432,12684,,,0,吉林,公办,0,0
黑龙江,2025,历史类,本科批,1375,吉林警察学院,,首选历史，再选不限,445,5694,,,0,吉林,公办,0,0
黑龙江,2025,历史类,本科批,1376,吉林医药学院,（001）,首选历史，再选不限,449,14662,,,0,吉林,公办,0,0
黑龙江,2025,历史类,本科批,1406,东北林业大学,（001）,首选历史，再选不限,556,1820,,,0,黑龙江,公办,0,1
黑龙江,2025,历史类,本科批,1406,东北林业大学,（002）,首选历史，再选思想政治,570,2045,,,0,黑龙江,公办,0,1
黑龙江,2025,历史类,本科批,1408,黑龙江大学,,首选历史，再选不限,500,1866,,,0,黑龙江,公办,0,0
黑龙江,2025,历史类,本科批,1408,黑龙江大学,（012）,首选历史，再选思想政治,524,5015,,,0,黑龙江,公办,0,0
黑龙江,2025,历史类,本科批,1410,哈尔滨理工大学,,首选历史，再选不限,457,9321,,,0,黑龙江,公办,0,0
黑龙江,2025,历史类,本科批,1411,黑龙江科技大学,（001）,首选历史，再选不限,459,10074,,,0,黑龙江,公办,0,0
黑龙江,2025,历史类,本科批,1411,黑龙江科技大学,（002）,首选历史，再选思想政治,502,7855,,,0,黑龙江,公办,0,0
黑龙江,2025,历史类,本科批,1412,东北石油大学,,首选历史，再选不限,430,6816,,,225,黑龙江,公办,0,0
黑龙江,2025,历史类,本科批,1415,佳木斯大学,,首选历史，再选不限,376,8108,,,0,黑龙江,公办,0,0
黑龙江,2025,历史类,本科批,1415,佳木斯大学,,首选历史，再选地理,482,9696,,,0,黑龙江,公办,0,0
黑龙江,2025,历史类,本科批,1415,佳木斯大学,,首选历史，再选思想政治,493,8945,,,0,黑龙江,公办,0,0
黑龙江,2025,历史类,本科批,1415,佳木斯大学,（012）,首选历史，再选生物,442,16123,,,0,黑龙江,公办,0,0
黑龙江,2025,历史类,本科批,1416,黑龙江八一农垦大学,,首选历史，再选不限,462,11473,,,0,黑龙江,公办,0,0
黑龙江,2025,历史类,本科批,1416,黑龙江八一农垦大学,（003）,首选历史，再选生物,442,16286,,,0,黑龙江,公办,0,0
黑龙江,2025,历史类,本科批,1418,哈尔滨医科大学,（001）,首选历史，再选不限,535,4351,,,16,黑龙江,公办,0,0
黑龙江,2025,历史类,本科批,1418,哈尔滨医科大学,（002）,首选历史，再选生物,522,5694,,,5,黑龙江,公办,0,0
黑龙江,2025,历史类,本科批,1420,黑龙江中医药大学,,首选历史，再选不限,502,3201,,,83,黑龙江,公办,0,0
黑龙江,2025,历史类,本科批,1420,黑龙江中医药大学,,首选历史，再选生物,438,12430,,,36,黑龙江,公办,0,0
黑龙江,2025,历史类,本科批,1421,哈尔滨师范大学,,首选历史，再选不限,469,1295,,,0,黑龙江,公办,0,0
黑龙江,2025,历史类,本科批,1421,哈尔滨师范大学,（046）,首选历史，再选化学,425,19248,,,0,黑龙江,公办,0,0
黑龙江,2025,历史类,本科批,1421,哈尔滨师范大学,,首选历史，再选思想政治,536,2215,,,0,黑龙江,公办,0,0
黑龙江,2025,历史类,本科批,1422,齐齐哈尔大学,,首选历史，再选不限,426,3765,,,0,黑龙江,公办,0,0
黑龙江,2025,历史类,本科批,1422,齐齐哈尔大学,（035）,首选历史，再选地理,489,9425,,,0,黑龙江,公办,0,0
黑龙江,2025,历史类,本科批,1422,齐齐哈尔大学,（036）,首选历史，再选思想政治,511,6816,,,0,黑龙江,公办,0,0
黑龙江,2025,历史类,本科批,1423,哈尔滨商业大学,,首选历史，再选不限,482,2548,,,0,黑龙江,公办,0,0
黑龙江,2025,历史类,本科批,1425,牡丹江师范学院,,首选历史，再选不限,448,10774,,,479,黑龙江,公办,0,0
黑龙江,2025,历史类,本科批,1425,牡丹江师范学院,（021）,首选历史，再选思想政治,486,9809,,,60,黑龙江,公办,0,0
黑龙江,2025,历史类,本科批,1426,哈尔滨学院,,首选历史，再选不限,460,9321,,,0,黑龙江,公办,0,0
黑龙江,2025,历史类,本科批,1426,哈尔滨学院,（010）,首选历史，再选地理,474,11473,,,0,黑龙江,公办,0,0
黑龙江,2025,历史类,本科批,1426,哈尔滨学院,（011）,首选历史，再选思想政治,483,10223,,,0,黑龙江,公办,0,0
黑龙江,2025,历史类,本科批,1428,绥化学院,,首选历史，再选不限,357,13559,,,228,黑龙江,公办,0,0
黑龙江,2025,历史类,本科批,1432,黑龙江工业学院,（001）,首选历史，再选不限,438,15644,,,168,黑龙江,公办,0,0
黑龙江,2025,历史类,本科批,1432,黑龙江工业学院,（002）,首选历史，再选思想政治,451,14841,,,15,黑龙江,公办,0,0
黑龙江,2025,历史类,本科批,1456,华东师范大学,（003）,首选历史，再选不限,615,247,,,0,上海,公办,1,1
黑龙江,2025,历史类,本科批,1460,上海财经大学,（001）,首选历史，再选不限,621,184,,,0,上海,公办,0,1
黑龙江,2025,历史类,本科批,1462,上海海洋大学,（001）,首选历史，再选不限,549,3063,,,0,上海,公办,0,0
黑龙江,2025,历史类,本科批,1468,上海理工大学,（001）,首选历史，再选不限,552,3132,,,0,上海,公办,0,0
黑龙江,2025,历史类,本科批,1469,上海海事大学,（001）,首选历史，再选不限,572,1772,,,0,上海,公办,0,0
黑龙江,2025,历史类,本科批,1472,上海师范大学,（001）,首选历史，再选不限,537,1866,,,0,上海,公办,0,0
黑龙江,2025,历史类,本科批,1473,上海对外经贸大学,（001）,首选历史，再选不限,552,2856,,,0,上海,公办,0,0
黑龙江,2025,历史类,本科批,1480,上海戏剧学院,（001）,首选历史，再选不限,548,3538,,,0,上海,公办,0,0
黑龙江,2025,历史类,本科批,1482,上海立信会计金融学院,（001）,首选历史，再选不限,549,2268,,,0,上海,公办,0,0
黑龙江,2025,历史类,本科批,1484,上海政法学院,（001）,首选历史，再选不限,568,1102,,,0,上海,公办,0,0
黑龙江,2025,历史类,本科批,1485,上海商学院,（001）,首选历史，再选不限,498,7177,,,0,上海,公办,0,0
黑龙江,2025,历史类,本科批,1515,南京理工大学,（001）,首选历史，再选不限,578,1663,,,0,江苏,公办,0,1
黑龙江,2025,历史类,本科批,1515,南京理工大学,（002）,首选历史，再选思想政治,593,1053,,,0,江苏,公办,0,1
黑龙江,2025,历史类,本科批,1518,江南大学,,首选历史，再选不限,583,874,,,17,江苏,公办,0,1
黑龙江,2025,历史类,本科批,1518,江南大学,（005）,首选历史，再选思想政治,587,1257,,,5,江苏,公办,0,1
黑龙江,2025,历史类,本科批,1518,江南大学,（006）,首选历史，再选生物,495,8596,,,2,江苏,公办,0,1
黑龙江,2025,历史类,本科批,1521,南京师范大学,,首选历史，再选不限,539,1256,,,0,江苏,公办,0,1
黑龙江,2025,历史类,本科批,1529,江苏科技大学,,首选历史，再选不限,506,3684,,,11,江苏,公办,0,0
黑龙江,2025,历史类,本科批,1530,南京工业大学,（002）,首选历史，再选不限,532,4429,,,4,江苏,公办,0,0
黑龙江,2025,历史类,本科批,1531,常州大学,（001）,首选历史，再选不限,520,5096,,,12,江苏,公办,0,0
黑龙江,2025,历史类,本科批,1532,江苏大学,（001）,首选历史，再选不限,554,3132,,,2,江苏,公办,0,0
黑龙江,2025,历史类,本科批,1537,苏州科技大学,（001）,首选历史，再选不限,544,3859,,,0,江苏,公办,0,0
黑龙江,2025,历史类,本科批,1537,苏州科技大学,（002）,首选历史，再选思想政治,553,3201,,,0,江苏,公办,0,0
黑龙江,2025,历史类,本科批,1539,扬州大学,（002）,首选历史，再选不限,536,3201,,,9,江苏,公办,0,0
黑龙江,2025,历史类,本科批,1539,扬州大学,（003）,首选历史，再选思想政治,574,1933,,,1,江苏,公办,0,0
黑龙江,2025,历史类,本科批,1542,西交利物浦大学,（001）,首选历史，再选不限,517,6210,,,48,江苏,中外合作办学,0,0
黑龙江,2025,历史类,本科批,1545,淮阴师范学院,（001）,首选历史，再选不限,464,10074,,,0,江苏,公办,0,0
黑龙江,2025,历史类,本科批,1551,金陵科技学院,（001）,首选历史，再选不限,511,4763,,,3,江苏,公办,0,0
黑龙江,2025,历史类,本科批,1553,徐州工程学院,（001）,首选历史，再选不限,462,12136,,,0,江苏,公办,0,0
黑龙江,2025,历史类,本科批,1555,南京工程学院,（001）,首选历史，再选不限,479,9809,,,0,江苏,公办,0,0
黑龙江,2025,历史类,本科批,1559,南京特殊教育师范学院,（001）,首选历史，再选不限,497,3538,,,12,江苏,公办,0,0
黑龙江,2025,历史类,本科批,1594,宁波大学,,首选历史，再选不限,552,1453,,,0,浙江,公办,0,0
黑龙江,2025,历史类,本科批,1600,浙江农林大学,（001）,首选历史，再选不限,539,3765,,,3,浙江,公办,0,0
黑龙江,2025,历史类,本科批,1602,浙江中医药大学,（001）,首选历史，再选不限,526,5358,,,1,浙江,公办,0,0
黑龙江,2025,历史类,本科批,1603,浙江师范大学,（001）,首选历史，再选不限,542,3859,,,6,浙江,公办,0,0
黑龙江,2025,历史类,本科批,1605,温州大学,（001）,首选历史，再选不限,563,2112,,,0,浙江,公办,0,0
黑龙江,2025,历史类,本科批,1606,浙江工商大学,（001）,首选历史，再选不限,560,2423,,,5,浙江,公办,0,0
黑龙江,2025,历史类,本科批,1612,湖州师范学院,（001）,首选历史，再选不限,442,16286,,,2,浙江,公办,0,0
黑龙江,2025,历史类,本科批,1614,台州学院,（001）,首选历史，再选不限,502,6497,,,10,浙江,公办,0,0
黑龙江,2025,历史类,本科批,1617,浙江万里学院,（001）,首选历史，再选不限,490,7058,,,0,浙江,公办,0,0
黑龙江,2025,历史类,本科批,1618,浙江科技大学,（001）,首选历史，再选不限,495,8714,,,5,浙江,公办,0,0
黑龙江,2025,历史类,本科批,1623,浙江传媒学院,,首选历史，再选不限,535,2375,,,0,浙江,公办,0,0
黑龙江,2025,历史类,本科批,1662,安徽师范大学,（001）,首选历史，再选不限,508,4351,,,0,安徽,公办,0,0
黑龙江,2025,历史类,本科批,1664,安庆师范大学,（001）,首选历史，再选不限,516,6303,,,5,安徽,公办,0,0
黑龙江,2025,历史类,本科批,1666,安徽财经大学,（001）,首选历史，再选不限,463,2856,,,20,安徽,公办,0,0
黑龙江,2025,历史类,本科批,1678,合肥大学,（001）,首选历史，再选不限,486,7638,,,0,安徽,公办,0,0
黑龙江,2025,历史类,本科批,1703,华侨大学,,首选历史，再选不限,504,2735,,,0,福建,公办,0,0
黑龙江,2025,历史类,本科批,1703,华侨大学,（003）,首选历史，再选思想政治,542,4022,,,0,福建,公办,0,0
黑龙江,2025,历史类,本科批,1716,三明学院,（001）,首选历史，再选不限,443,14841,,,9,福建,公办,0,0
黑龙江,2025,历史类,本科批,1745,南昌航空大学,（001）,首选历史，再选不限,488,9189,,,12,江西,公办,0,0
黑龙江,2025,历史类,本科批,1746,江西理工大学,（001）,首选历史，再选不限,466,8355,,,6,江西,公办,0,0
黑龙江,2025,历史类,本科批,1751,赣南师范大学,（001）,首选历史，再选不限,488,6600,,,10,江西,公办,0,0
黑龙江,2025,历史类,本科批,1756,宜春学院,（001）,首选历史，再选不限,459,13559,,,3,江西,公办,0,0
黑龙江,2025,历史类,本科批,1760,江西水利电力大学,（001）,首选历史，再选不限,492,8109,,,0,江西,公办,0,0
黑龙江,2025,历史类,本科批,1762,新余学院,,首选历史，再选不限,464,9809,,,4,江西,公办,0,0
黑龙江,2025,历史类,本科批,1763,九江学院,（001）,首选历史，再选不限,453,12684,,,0,江西,公办,0,0
黑龙江,2025,历史类,本科批,1765,赣南科技学院,（001）,首选历史，再选不限,457,12988,,,0,江西,公办,0,0
黑龙江,2025,历史类,本科批,1766,南昌医学院,（001）,首选历史，再选生物,440,16613,,,0,江西,公办,0,0
黑龙江,2025,历史类,本科批,1791,山东大学,,首选历史，再选不限,598,285,,,18,山东,公办,1,1
黑龙江,2025,历史类,本科批,1792,山东大学（威海）,（001）,首选历史，再选不限,593,799,,,16,山东,公办,1,1
黑龙江,2025,历史类,本科批,1793,中国海洋大学,,首选历史，再选不限,592,443,,,0,山东,公办,1,1
黑龙江,2025,历史类,本科批,1794,中国石油大学（华东）,（001）,首选历史，再选不限,574,1663,,,0,山东,公办,0,1
黑龙江,2025,历史类,本科批,1797,山东科技大学,（001）,首选历史，再选不限,504,7638,,,4,山东,公办,0,0
黑龙江,2025,历史类,本科批,1798,青岛科技大学,（002）,首选历史，再选不限,493,6703,,,9,山东,公办,0,0
黑龙江,2025,历史类,本科批,1799,济南大学,（001）,首选历史，再选不限,518,3684,,,0,山东,公办,0,0
黑龙江,2025,历史类,本科批,1800,青岛理工大学,,首选历史，再选不限,514,3684,,,0,山东,公办,0,0
黑龙江,2025,历史类,本科批,1803,山东理工大学,（001）,首选历史，再选不限,518,5096,,,0,山东,公办,0,0
黑龙江,2025,历史类,本科批,1804,山东农业大学,（002）,首选历史，再选不限,479,9066,,,0,山东,公办,0,0
黑龙江,2025,历史类,本科批,1805,青岛农业大学,（001）,首选历史，再选不限,516,6303,,,2,山东,公办,0,0
黑龙江,2025,历史类,本科批,1806,山东第一医科大学,,首选历史，再选不限,486,8945,,,10,山东,公办,0,0
黑龙江,2025,历史类,本科批,1808,山东师范大学,,首选历史，再选不限,505,4846,,,0,山东,公办,0,0
黑龙江,2025,历史类,本科批,1808,山东师范大学,（004）,首选历史，再选地理,566,2375,,,0,山东,公办,0,0
黑龙江,2025,历史类,本科批,1809,曲阜师范大学,（001）,首选历史，再选不限,540,3132,,,0,山东,公办,0,0
黑龙江,2025,历史类,本科批,1809,曲阜师范大学,（002）,首选历史，再选思想政治,546,3201,,,0,山东,公办,0,0
黑龙江,2025,历史类,本科批,1810,聊城大学,（001）,首选历史，再选不限,534,4667,,,0,山东,公办,0,0
黑龙江,2025,历史类,本科批,1811,鲁东大学,（002）,首选历史，再选不限,487,6400,,,0,山东,公办,0,0
黑龙江,2025,历史类,本科批,1812,临沂大学,（001）,首选历史，再选不限,509,7058,,,0,山东,公办,0,0
黑龙江,2025,历史类,本科批,1813,山东财经大学,（001）,首选历史，再选不限,530,1995,,,0,山东,公办,0,0
黑龙江,2025,历史类,本科批,1814,青岛大学,（001）,首选历史，再选不限,551,2486,,,0,山东,公办,0,0
黑龙江,2025,历史类,本科批,1814,青岛大学,（002）,首选历史，再选思想政治,545,3765,,,0,山东,公办,0,0
黑龙江,2025,历史类,本科批,1819,德州学院,（001）,首选历史，再选不限,448,15299,,,5,山东,公办,0,0
黑龙江,2025,历史类,本科批,1820,山东航空学院,（001）,首选历史，再选思想政治,509,7058,,,0,山东,公办,0,0
黑龙江,2025,历史类,本科批,1822,济宁学院,（001）,首选历史，再选不限,470,12004,,,0,山东,公办,0,0
黑龙江,2025,历史类,本科批,1830,山东交通学院,（001）,首选历史，再选不限,466,11338,,,6,山东,公办,0,0
黑龙江,2025,历史类,本科批,1831,山东工商学院,,首选历史，再选不限,443,6210,,,0,山东,公办,0,0
黑龙江,2025,历史类,本科批,1832,山东女子学院,,首选历史，再选不限,452,10774,,,5,山东,公办,0,0
黑龙江,2025,历史类,本科批,1833,山东石油化工学院,,首选历史，再选不限,492,6400,,,6,山东,公办,0,0
黑龙江,2025,历史类,本科批,1834,山东政法学院,（001）,首选历史，再选不限,509,2423,,,0,山东,公办,0,0
黑龙江,2025,历史类,本科批,1834,山东政法学院,（002）,首选历史，再选思想政治,521,5787,,,0,山东,公办,0,0
黑龙江,2025,历史类,本科批,1838,山东农业工程学院,（001）,首选历史，再选不限,470,9425,,,7,山东,公办,0,0
黑龙江,2025,历史类,本科批,1862,河南大学,,首选历史，再选不限,522,3538,,,0,河南,公办,0,0
黑龙江,2025,历史类,本科批,1872,河南师范大学,（001）,首选历史，再选不限,502,7638,,,0,河南,公办,0,0
黑龙江,2025,历史类,本科批,1872,河南师范大学,（002）,首选历史，再选地理,528,5178,,,0,河南,公办,0,0
黑龙江,2025,历史类,本科批,1872,河南师范大学,（003）,首选历史，再选思想政治,534,4667,,,0,河南,公办,0,0
黑龙江,2025,历史类,本科批,1874,河南财经政法大学,（001）,首选历史，再选不限,506,4351,,,7,河南,公办,0,0
黑龙江,2025,历史类,本科批,1875,中原工学院,（001）,首选历史，再选不限,462,11611,,,0,河南,公办,0,0
黑龙江,2025,历史类,本科批,1876,河南科技学院,（001）,首选历史，再选不限,449,14841,,,0,河南,公办,0,0
黑龙江,2025,历史类,本科批,1881,许昌学院,,首选历史，再选不限,443,13262,,,14,河南,公办,0,0
黑龙江,2025,历史类,本科批,1887,平顶山学院,,首选历史，再选不限,443,10223,,,0,河南,公办,0,0
黑龙江,2025,历史类,本科批,1888,郑州工程技术学院,（001）,首选历史，再选不限,442,16123,,,0,河南,公办,0,0
黑龙江,2025,历史类,本科批,1893,安阳工学院,（001）,首选历史，再选不限,438,16982,,,3,河南,公办,0,0
黑龙江,2025,历史类,本科批,1894,河南工程学院,（001）,首选历史，再选不限,471,10774,,,0,河南,公办,0,0
黑龙江,2025,历史类,本科批,1923,中国地质大学（武汉）,（002）,首选历史，再选不限,574,1664,,,0,湖北,公办,0,1
黑龙江,2025,历史类,本科批,1924,武汉理工大学,（001）,首选历史，再选不限,572,1497,,,0,湖北,公办,0,1
黑龙江,2025,历史类,本科批,1924,武汉理工大学,（002）,首选历史，再选思想政治,591,1139,,,0,湖北,公办,0,1
黑龙江,2025,历史类,本科批,1926,华中师范大学,,首选历史，再选不限,585,665,,,0,湖北,公办,0,1
黑龙江,2025,历史类,本科批,1931,武汉科技大学,（001）,首选历史，再选不限,555,3063,,,0,湖北,公办,0,0
黑龙江,2025,历史类,本科批,1938,湖北大学,（002）,首选历史，再选不限,559,2800,,,0,湖北,公办,0,0
黑龙江,2025,历史类,本科批,1939,湖北师范大学,（001）,首选历史，再选不限,510,6935,,,0,湖北,公办,0,0
黑龙江,2025,历史类,本科批,1939,湖北师范大学,（002）,首选历史，再选思想政治,542,4022,,,0,湖北,公办,0,0
黑龙江,2025,历史类,本科批,1940,湖北民族大学,,首选历史，再选不限,445,12988,,,0,湖北,公办,0,0
黑龙江,2025,历史类,本科批,1945,湖北文理学院,（001）,首选历史，再选地理,464,12852,,,0,湖北,公办,0,0
黑龙江,2025,历史类,本科批,1950,湖北理工学院,（001）,首选历史，再选不限,502,7855,,,0,湖北,公办,0,0
黑龙江,2025,历史类,本科批,1982,中南大学,（002）,首选历史，再选不限,603,521,,,22,湖南,公办,1,1
黑龙江,2025,历史类,本科批,1985,湘潭大学,（001）,首选历史，再选不限,548,2921,,,19,湖南,公办,0,0
黑龙江,2025,历史类,本科批,1988,长沙理工大学,（001）,首选历史，再选不限,526,3765,,,0,湖南,公办,0,0
黑龙江,2025,历史类,本科批,1990,中南林业科技大学,（002）,首选历史，再选不限,521,5616,,,6,湖南,公办,0,0
黑龙江,2025,历史类,本科批,1993,南华大学,（001）,首选历史，再选不限,530,4583,,,0,湖南,公办,0,0
黑龙江,2025,历史类,本科批,1994,湖南工业大学,（001）,首选历史，再选不限,494,4351,,,0,湖南,公办,0,0
黑龙江,2025,历史类,本科批,1996,湘南学院,（001）,首选历史，再选不限,421,7967,,,5,湖南,公办,0,0
黑龙江,2025,历史类,本科批,1999,怀化学院,（001）,首选历史，再选不限,460,10649,,,0,湖南,公办,0,0
黑龙江,2025,历史类,本科批,2003,长沙学院,（001）,首选历史，再选不限,508,7177,,,4,湖南,公办,0,0
黑龙江,2025,历史类,本科批,2044,深圳大学,（002）,首选历史，再选不限,580,1213,,,10,广东,公办,0,0
黑龙江,2025,历史类,本科批,2049,广东工业大学,（001）,首选历史，再选不限,524,4763,,,5,广东,公办,0,0
黑龙江,2025,历史类,本科批,2051,南方医科大学,（001）,首选历史，再选不限,558,961,,,0,广东,公办,0,0
黑龙江,2025,历史类,本科批,2052,深圳技术大学,（001）,首选历史，再选不限,548,3538,,,4,广东,公办,0,0
黑龙江,2025,历史类,本科批,2060,韩山师范学院,,首选历史，再选不限,450,8355,,,0,广东,公办,0,0
黑龙江,2025,历史类,本科批,2103,广西科技大学,（001）,首选历史，再选不限,463,12988,,,2,广西,公办,0,0
黑龙江,2025,历史类,本科批,2104,桂林电子科技大学,（001）,首选历史，再选不限,475,9551,,,0,广西,公办,0,0
黑龙江,2025,历史类,本科批,2105,桂林理工大学,（001）,首选历史，再选不限,461,12297,,,0,广西,公办,0,0
黑龙江,2025,历史类,本科批,2106,广西医科大学,,首选历史，再选不限,459,10649,,,0,广西,公办,0,0
黑龙江,2025,历史类,本科批,2106,广西医科大学,（003）,首选历史，再选生物,473,11611,,,0,广西,公办,0,0
黑龙江,2025,历史类,本科批,2108,广西师范大学,,首选历史，再选不限,447,12571,,,0,广西,公办,0,0
黑龙江,2025,历史类,本科批,2114,桂林医科大学,（001）,首选历史，再选不限,436,17316,,,0,广西,公办,0,0
黑龙江,2025,历史类,本科批,2117,玉林师范学院,（001）,首选历史，再选不限,439,16286,,,0,广西,公办,0,0
黑龙江,2025,历史类,本科批,2119,百色学院,,首选历史，再选不限,436,12004,,,15,广西,公办,0,0
黑龙江,2025,历史类,本科批,2119,百色学院,（003）,首选历史，再选地理,439,16791,,,2,广西,公办,0,0
黑龙江,2025,历史类,本科批,2119,百色学院,（004）,首选历史，再选思想政治,467,12430,,,3,广西,公办,0,0
黑龙江,2025,历史类,本科批,2151,海南大学,,首选历史，再选不限,497,1590,,,0,海南,公办,0,1
黑龙江,2025,历史类,本科批,2151,海南大学,（005）,首选历史，再选地理,527,5260,,,0,海南,公办,0,1
黑龙江,2025,历史类,本科批,2151,海南大学,（006）,首选历史，再选思想政治,565,2423,,,0,海南,公办,0,1
黑龙江,2025,历史类,本科批,2152,海南师范大学,,首选历史，再选不限,436,9066,,,21,海南,公办,0,0
黑龙江,2025,历史类,本科批,2152,海南师范大学,（004）,首选历史，再选思想政治,544,3859,,,2,海南,公办,0,0
黑龙江,2025,历史类,本科批,2154,海南热带海洋学院,（001）,首选历史，再选不限,447,11859,,,0,海南,公办,0,0
黑龙江,2025,历史类,本科批,2154,海南热带海洋学院,（002）,首选历史，再选思想政治,461,12852,,,0,海南,公办,0,0
黑龙江,2025,历史类,本科批,2156,琼台师范学院,,首选历史，再选不限,414,7279,,,0,海南,公办,0,0
黑龙江,2025,历史类,本科批,2156,琼台师范学院,（004）,首选历史，再选思想政治,493,8945,,,0,海南,公办,0,0
黑龙江,2025,历史类,本科批,2179,重庆师范大学,（001）,首选历史，再选不限,572,2045,,,0,重庆,公办,0,0
黑龙江,2025,历史类,本科批,2180,四川外国语大学,,首选历史，再选不限,529,2736,,,0,重庆,公办,0,0
黑龙江,2025,历史类,本科批,2183,重庆工商大学,（002）,首选历史，再选不限,537,4352,,,0,重庆,公办,0,0
黑龙江,2025,历史类,本科批,2188,重庆科技大学,（001）,首选历史，再选不限,508,7177,,,3,重庆,公办,0,0
黑龙江,2025,历史类,本科批,2191,重庆中医药学院,（001）,首选历史，再选不限,532,4763,,,4,重庆,公办,0,0
黑龙江,2025,历史类,本科批,2217,西南石油大学,（002）,首选历史，再选不限,545,2610,,,0,四川,公办,0,0
黑龙江,2025,历史类,本科批,2217,西南石油大学,（003）,首选历史，再选思想政治,556,2986,,,0,四川,公办,0,0
黑龙江,2025,历史类,本科批,2220,中国民用航空飞行学院,（001）,首选历史，再选不限,482,7638,,,4,四川,公办,0,0
黑龙江,2025,历史类,本科批,2220,中国民用航空飞行学院,（002）,首选历史，再选思想政治,527,5260,,,1,四川,公办,0,0
黑龙江,2025,历史类,本科批,2221,西南民族大学,,首选历史，再选不限,456,2921,,,35,四川,公办,0,0
黑龙江,2025,历史类,本科批,2228,四川师范大学,（002）,首选历史，再选不限,450,15000,,,0,四川,公办,0,0
黑龙江,2025,历史类,本科批,2228,四川师范大学,（003）,首选历史，再选地理,565,2423,,,0,四川,公办,0,0
黑龙江,2025,历史类,本科批,2228,四川师范大学,（004）,首选历史，再选思想政治,567,2112,,,0,四川,公办,0,0
黑龙江,2025,历史类,本科批,2229,西华师范大学,（001）,首选历史，再选不限,509,7058,,,0,四川,公办,0,0
黑龙江,2025,历史类,本科批,2234,绵阳师范学院,（001）,首选历史，再选不限,498,7855,,,0,四川,公办,0,0
黑龙江,2025,历史类,本科批,2237,四川文理学院,（001）,首选历史，再选不限,465,12684,,,2,四川,公办,0,0
黑龙江,2025,历史类,本科批,2241,四川音乐学院,（001）,首选历史，再选不限,504,7638,,,0,四川,公办,0,0
黑龙江,2025,历史类,本科批,2243,攀枝花学院,（001）,首选历史，再选不限,444,15943,,,5,四川,公办,0,0
黑龙江,2025,历史类,本科批,2244,四川旅游学院,（001）,首选历史，再选不限,512,6703,,,2,四川,公办,0,0
黑龙江,2025,历史类,本科批,2271,贵州大学,（002）,首选历史，再选不限,559,2268,,,0,贵州,公办,0,1
黑龙江,2025,历史类,本科批,2271,贵州大学,（003）,首选历史，再选思想政治,565,2423,,,0,贵州,公办,0,1
黑龙江,2025,历史类,本科批,2276,贵州财经大学,,首选历史，再选不限,470,9809,,,0,贵州,公办,0,0
黑龙江,2025,历史类,本科批,2282,安顺学院,（001）,首选历史，再选不限,443,15644,,,4,贵州,公办,0,0
黑龙江,2025,历史类,本科批,2316,大理大学,（001）,首选历史，再选不限,508,6817,,,4,云南,公办,0,0
黑龙江,2025,历史类,本科批,2316,大理大学,（002）,首选历史，再选生物,449,15001,,,2,云南,公办,0,0
黑龙江,2025,历史类,本科批,2328,玉溪师范学院,（001）,首选历史，再选不限,458,10223,,,4,云南,公办,0,0
黑龙江,2025,历史类,本科批,2331,昆明学院,（001）,首选历史，再选不限,451,14512,,,4,云南,公办,0,0
黑龙江,2025,历史类,本科批,2361,西安交通大学,（001）,首选历史，再选不限,615,335,,,0,陕西,公办,1,1
黑龙江,2025,历史类,本科批,2381,延安大学,（001）,首选历史，再选不限,472,10919,,,6,陕西,公办,0,0
黑龙江,2025,历史类,本科批,2382,陕西理工大学,（001）,首选历史，再选不限,472,9066,,,0,陕西,公办,0,0
黑龙江,2025,历史类,本科批,2384,西北政法大学,（001）,首选历史，再选不限,581,771,,,0,陕西,公办,0,0
黑龙江,2025,历史类,本科批,2387,宝鸡文理学院,（001）,首选历史，再选不限,455,14191,,,4,陕西,公办,0,0
黑龙江,2025,历史类,本科批,2388,咸阳师范学院,（001）,首选历史，再选不限,452,14662,,,3,陕西,公办,0,0
黑龙江,2025,历史类,本科批,2389,渭南师范学院,（001）,首选历史，再选不限,439,16458,,,10,陕西,公办,0,0
黑龙江,2025,历史类,本科批,2394,榆林学院,（001）,首选历史，再选不限,483,9551,,,0,陕西,公办,0,0
黑龙江,2025,历史类,本科批,2396,安康学院,（001）,首选历史，再选不限,474,11473,,,5,陕西,公办,0,0
黑龙江,2025,历史类,本科批,2399,陕西学前师范学院,（001）,首选历史，再选不限,451,14841,,,0,陕西,公办,0,0
黑龙江,2025,历史类,本科批,2421,兰州大学,（002）,首选历史，再选不限,589,987,,,6,甘肃,公办,1,1
黑龙江,2025,历史类,本科批,2421,兰州大学,（003）,首选历史，再选思想政治,597,739,,,4,甘肃,公办,1,1
黑龙江,2025,历史类,本科批,2427,西北师范大学,（001）,首选历史，再选不限,485,8714,,,0,甘肃,公办,0,0
黑龙江,2025,历史类,本科批,2427,西北师范大学,（002）,首选历史，再选思想政治,543,3930,,,0,甘肃,公办,0,0
黑龙江,2025,历史类,本科批,2428,兰州财经大学,（001）,首选历史，再选不限,507,5616,,,0,甘肃,公办,0,0
黑龙江,2025,历史类,本科批,2429,甘肃政法大学,（001）,首选历史，再选不限,530,2375,,,0,甘肃,公办,0,0
黑龙江,2025,历史类,本科批,2429,甘肃政法大学,（002）,首选历史，再选思想政治,521,5787,,,0,甘肃,公办,0,0
黑龙江,2025,历史类,本科批,2434,天水师范大学,（001）,首选历史，再选不限,462,10223,,,0,甘肃,公办,0,0
黑龙江,2025,历史类,本科批,2471,宁夏大学,,首选历史，再选不限,530,3615,,,0,宁夏,公办,0,1
黑龙江,2025,历史类,本科批,2472,北方民族大学,（001）,首选历史，再选不限,456,6816,,,0,宁夏,公办,0,0
黑龙江,2025,历史类,本科批,2472,北方民族大学,（002）,首选历史，再选思想政治,515,6400,,,0,宁夏,公办,0,0
黑龙江,2025,历史类,本科批,2481,新疆大学,（001）,首选历史，再选不限,514,3342,,,0,新疆,公办,0,1
黑龙江,2025,历史类,本科批,2481,新疆大学,（002）,首选历史，再选思想政治,558,2856,,,0,新疆,公办,0,1
黑龙江,2025,历史类,本科批,2487,喀什大学,（001）,首选历史，再选不限,438,11473,,,14,新疆,公办,0,0
黑龙江,2025,历史类,本科批,2487,喀什大学,（002）,首选历史，再选思想政治,469,12136,,,3,新疆,公办,0,0
黑龙江,2025,历史类,本科批,3022,天津外国语大学滨海外事学院,（001）,首选历史，再选不限,428,18177,,,0,天津,民办,0,0
黑龙江,2025,历史类,本科批,3024,天津商业大学宝德学院,,首选历史，再选不限,426,13894,,,0,天津,民办,0,0
黑龙江,2025,历史类,本科批,3062,石家庄铁道大学四方学院,（001）,首选历史，再选不限,459,13559,,,3,河北,民办,0,0
黑龙江,2025,历史类,本科批,3098,运城职业技术大学,（001）,首选历史，再选不限,429,14662,,,10,山西,民办,0,0
黑龙江,2025,历史类,本科批,3128,大连科技学院,（001）,首选历史，再选不限,426,17316,,,0,辽宁,民办,0,0
黑龙江,2025,历史类,本科批,3137,大连艺术学院,（001）,首选历史，再选不限,413,19996,,,0,辽宁,民办,0,0
黑龙江,2025,历史类,本科批,3141,大连东软信息学院,（001）,首选历史，再选不限,396,20191,,,0,辽宁,民办,0,0
黑龙江,2025,历史类,本科批,3161,吉林外国语大学,,首选历史，再选不限,397,17133,,,0,吉林,民办,0,0
黑龙江,2025,历史类,本科批,3161,吉林外国语大学,（004）,首选历史，再选思想政治,432,18015,,,0,吉林,民办,0,0
黑龙江,2025,历史类,本科批,3162,长春光华学院,（001）,首选历史，再选不限,404,17663,,,0,吉林,民办,0,0
黑龙江,2025,历史类,本科批,3167,长春建筑学院,（001）,首选历史，再选不限,392,23313,,,0,吉林,民办,0,0
黑龙江,2025,历史类,本科批,3168,长春科技学院,（001）,首选历史，再选不限,427,17849,,,0,吉林,民办,0,0
黑龙江,2025,历史类,本科批,3169,吉林动画学院,（001）,首选历史，再选不限,406,21832,,,0,吉林,民办,0,0
黑龙江,2025,历史类,本科批,3171,长春大学旅游学院,,首选历史，再选不限,380,25411,,,0,吉林,民办,0,0
黑龙江,2025,历史类,本科批,3172,长春人文学院,,首选历史，再选不限,402,21296,,,0,吉林,民办,0,0
黑龙江,2025,历史类,本科批,3221,上海杉达学院,（001）,首选历史，再选不限,452,12136,,,0,上海,民办,0,0
黑龙江,2025,历史类,本科批,3253,东南大学成贤学院,（001）,首选历史，再选不限,449,15000,,,0,江苏,民办,0,0
黑龙江,2025,历史类,本科批,3258,南京传媒学院,（001）,首选历史，再选不限,437,12297,,,0,江苏,民办,0,0
黑龙江,2025,历史类,本科批,3339,合肥城市学院,（001）,首选历史，再选不限,406,22737,,,0,安徽,民办,0,0
黑龙江,2025,历史类,本科批,3367,厦门工学院,（001）,首选历史，再选不限,410,19057,,,4,福建,民办,0,0
黑龙江,2025,历史类,本科批,3370,福州大学至诚学院,（001）,首选历史，再选不限,425,17478,,,6,福建,民办,0,0
黑龙江,2025,历史类,本科批,3400,南昌交通学院,（001）,首选历史，再选不限,426,19057,,,0,江西,民办,0,0
黑龙江,2025,历史类,本科批,3515,武汉工商学院,（001）,首选历史，再选不限,420,20191,,,0,湖北,民办,0,0
黑龙江,2025,历史类,本科批,3682,重庆工程学院,（001）,首选历史，再选不限,429,18361,,,0,重庆,民办,0,0
黑龙江,2025,历史类,本科批,3687,重庆财经学院,（001）,首选历史，再选不限,474,10223,,,0,重庆,民办,0,0
黑龙江,2025,历史类,本科批,3689,重庆移通学院,（001）,首选历史，再选不限,423,19057,,,0,重庆,民办,0,0
黑龙江,2025,历史类,本科批,3701,成都东软学院,（001）,首选历史，再选不限,428,17663,,,0,四川,民办,0,0
黑龙江,2025,历史类,本科批,3707,成都银杏酒店管理学院,（001）,首选历史，再选不限,410,19436,,,0,四川,民办,0,0
黑龙江,2025,历史类,本科批,3712,成都锦城学院,（001）,首选历史，再选不限,442,15644,,,0,四川,民办,0,0
黑龙江,2025,历史类,本科批,3713,西南财经大学天府学院,,首选历史，再选不限,440,15000,,,0,四川,民办,0,0
黑龙江,2025,历史类,本科批,3762,滇池学院,（001）,首选历史，再选不限,428,17663,,,6,云南,民办,0,0
黑龙江,2025,历史类,本科批,3765,昆明医科大学海源学院,（001）,首选历史，再选不限,409,18888,,,0,云南,民办,0,0
黑龙江,2025,历史类,本科批,3795,西京学院,（001）,首选历史，再选不限,420,19800,,,7,陕西,民办,0,0
黑龙江,2025,历史类,本科批,3799,西安交通工程学院,（001）,首选历史，再选不限,406,19436,,,0,陕西,民办,0,0
黑龙江,2025,历史类,本科批,3809,西安明德理工学院,（001）,首选历史，再选不限,421,19996,,,0,陕西,民办,0,0
黑龙江,2025,历史类,本科批,3851,宁夏理工学院,（001）,首选历史，再选不限,385,19248,,,12,宁夏,民办,0,0
黑龙江,2025,历史类,本科批,6009,牡丹江医科大学,（001）,首选历史，再选不限,445,14512,,,0,黑龙江,公办,0,0
黑龙江,2025,历史类,本科提前批,1037,中国人民公安大学,,首选历史，再选思想政治,564,118,,,0,北京,公办,0,0
黑龙江,2025,历史类,本科提前批,1044,中国消防救援学院,（001）,首选历史，再选思想政治,580,1590,,,0,北京,公办,0,0
黑龙江,2025,历史类,本科提前批,1287,中国刑事警察学院,,首选历史，再选思想政治,474,317,,,114,辽宁,公办,0,0
黑龙江,2025,历史类,本科提前批,1421,哈尔滨师范大学,,首选历史，再选不限,510,1212,,,0,黑龙江,公办,0,0
黑龙江,2025,历史类,本科提前批,1421,哈尔滨师范大学,,首选历史，再选思想政治,525,961,,,0,黑龙江,公办,0,0
黑龙江,2025,历史类,本科提前批,1426,哈尔滨学院,,首选历史，再选不限,522,4763,,,0,黑龙江,公办,0,0
黑龙江,2025,历史类,本科提前批,1426,哈尔滨学院,,首选历史，再选思想政治,527,1995,,,0,黑龙江,公办,0,0
黑龙江,2025,历史类,本科提前批,1456,华东师范大学,（001）,首选历史，再选不限,484,7279,,,0,上海,公办,1,1
黑龙江,2025,历史类,本科提前批,1521,南京师范大学,（001）,首选历史，再选不限,587,1295,,,0,江苏,公办,0,1
黑龙江,2025,历史类,本科提前批,1621,浙江警察学院,,首选历史，再选思想政治,465,873,,,0,浙江,公办,0,0
黑龙江,2025,历史类,本科提前批,1926,华中师范大学,,首选历史，再选不限,588,426,,,0,湖北,公办,0,1
黑龙江,2025,历史类,本科提前批,1926,华中师范大学,,首选历史，再选地理,541,846,,,0,湖北,公办,0,1
黑龙江,2025,历史类,本科提前批,1926,华中师范大学,（005）,首选历史，再选思想政治,600,846,,,0,湖北,公办,0,1
黑龙江,2025,历史类,本科提前批,2330,云南警官学院,,首选历史，再选思想政治,462,1170,,,0,云南,公办,0,0
黑龙江,2025,物理类,专科批,1076,北京科技职业大学,（002）,首选物理，再选不限,395,71394,,,0,北京,公办,0,0
黑龙江,2025,物理类,专科批,1150,河北科技工程职业技术大学,（005）,首选物理，再选不限,312,99731,,,0,河北,公办,0,0
黑龙江,2025,物理类,专科批,1170,张家口学院,（004）,首选物理，再选不限,396,69005,,,3,河北,公办,0,0
黑龙江,2025,物理类,专科批,1377,长春汽车职业技术大学,（002）,首选物理，再选不限,355,86746,,,20,吉林,公办,0,0
黑龙江,2025,物理类,专科批,1378,长春职业技术大学,（004）,首选物理，再选不限,316,95475,,,0,吉林,公办,0,0
黑龙江,2025,物理类,专科批,2014,湖南汽车工程职业大学,（006）,首选物理，再选不限,327,93943,,,0,湖南,公办,0,0
黑龙江,2025,物理类,专科批,2430,兰州资源环境职业技术大学,（003）,首选物理，再选不限,320,96084,,,0,甘肃,公办,0,0
黑龙江,2025,物理类,专科批,3128,大连科技学院,（005）,首选物理，再选不限,253,107517,,,0,辽宁,民办,0,0
黑龙江,2025,物理类,专科批,3141,大连东软信息学院,,首选物理，再选不限,220,99451,,,0,辽宁,民办,0,0
黑龙江,2025,物理类,专科批,3168,长春科技学院,（006）,首选物理，再选不限,173,101310,,,0,吉林,民办,0,0
黑龙江,2025,物理类,专科批,4102,河北交通职业技术学院,（003）,首选物理，再选不限,343,88520,,,0,河北,公办,0,0
黑龙江,2025,物理类,专科批,4123,石家庄幼儿师范高等专科学校,,首选物理，再选不限,278,98074,,,6,河北,公办,0,0
黑龙江,2025,物理类,专科批,4128,唐山幼儿师范高等专科学校,（002）,首选物理，再选不限,335,93943,,,3,河北,公办,0,0
黑龙江,2025,物理类,专科批,4276,大连职业技术学院,（002）,首选物理，再选不限,357,82719,,,0,辽宁,公办,0,0
黑龙江,2025,物理类,专科批,4282,盘锦职业技术学院,（002）,首选物理，再选不限,316,98627,,,0,辽宁,公办,0,0
黑龙江,2025,物理类,专科批,4286,辽宁生态工程职业学院,（002）,首选物理，再选不限,312,93943,,,0,辽宁,公办,0,0
黑龙江,2025,物理类,专科批,4289,辽宁轨道交通职业学院,（001）,首选物理，再选不限,362,77329,,,0,辽宁,公办,0,0
黑龙江,2025,物理类,专科批,4293,渤海船舶职业学院,（003）,首选物理，再选不限,311,87799,,,0,辽宁,公办,0,0
黑龙江,2025,物理类,专科批,4295,辽宁装备制造职业技术学院,（001）,首选物理，再选不限,335,92633,,,25,辽宁,公办,0,0
黑龙江,2025,物理类,专科批,4298,辽宁铁道职业技术学院,（001）,首选物理，再选不限,397,54207,,,0,辽宁,公办,0,0
黑龙江,2025,物理类,专科批,4307,辽宁民族师范高等专科学校,,首选物理，再选不限,328,91949,,,0,辽宁,公办,0,0
黑龙江,2025,物理类,专科批,4344,长春金融高等专科学校,,首选物理，再选不限,324,71799,,,24,吉林,公办,0,0
黑龙江,2025,物理类,专科批,4382,伊春职业学院,（004）,首选物理，再选不限,259,88520,,,463,黑龙江,公办,0,0
黑龙江,2025,物理类,专科批,4391,黑龙江农业工程职业学院,,首选物理，再选不限,332,36322,,,0,黑龙江,公办,0,0
黑龙江,2025,物理类,专科批,4392,黑龙江农垦职业学院,,首选物理，再选不限,300,89886,,,1333,黑龙江,公办,0,0
黑龙江,2025,物理类,专科批,4396,大兴安岭职业学院,（004）,首选物理，再选不限,225,103058,,,108,黑龙江,公办,0,0
黑龙江,2025,物理类,专科批,4396,大兴安岭职业学院,（005）,首选物理，再选化学,321,92633,,,148,黑龙江,公办,0,0
黑龙江,2025,物理类,专科批,4396,大兴安岭职业学院,（006）,首选物理，再选生物,345,90580,,,10,黑龙江,公办,0,0
黑龙江,2025,物理类,专科批,4405,黑龙江民族职业学院,（002）,首选物理，再选不限,220,92963,,,376,黑龙江,公办,0,0
黑龙江,2025,物理类,专科批,4407,黑龙江交通职业技术学院,（002）,首选物理，再选不限,294,62893,,,2087,黑龙江,公办,0,0
黑龙江,2025,物理类,专科批,4412,哈尔滨幼儿师范高等专科学校,,首选物理，再选不限,164,94586,,,0,黑龙江,公办,0,0
黑龙江,2025,物理类,专科批,4448,上海东海职业技术学院,（002）,首选物理，再选不限,304,102545,,,0,上海,民办,0,0
黑龙江,2025,物理类,专科批,4449,上海工商职业技术学院,,首选物理，再选不限,235,108858,,,0,上海,民办,0,0
黑龙江,2025,物理类,专科批,4450,上海震旦职业学院,,首选物理，再选不限,198,103329,,,0,上海,民办,0,0
黑龙江,2025,物理类,专科批,4455,上海工商外国语职业学院,（002）,首选物理，再选不限,304,102545,,,0,上海,民办,0,0
黑龙江,2025,物理类,专科批,4456,上海邦德职业技术学院,（002）,首选物理，再选不限,301,103329,,,0,上海,民办,0,0
黑龙江,2025,物理类,专科批,4483,江苏建筑职业技术学院,（001）,首选物理，再选不限,329,91270,,,10,江苏,公办,0,0
黑龙江,2025,物理类,专科批,4484,江苏工程职业技术学院,（002）,首选物理，再选不限,358,86053,,,2,江苏,公办,0,0
黑龙江,2025,物理类,专科批,4486,连云港职业技术学院,（002）,首选物理，再选不限,332,94892,,,0,江苏,公办,0,0
黑龙江,2025,物理类,专科批,4487,镇江市高等专科学校,（002）,首选物理，再选不限,336,86746,,,4,江苏,公办,0,0
黑龙江,2025,物理类,专科批,4523,常州机电职业技术学院,（002）,首选物理，再选不限,357,78947,,,10,江苏,公办,0,0
黑龙江,2025,物理类,专科批,4603,浙江建设职业技术学院,（002）,首选物理，再选不限,342,68605,,,0,浙江,公办,0,0
黑龙江,2025,物理类,专科批,4606,浙江商业职业技术学院,（002）,首选物理，再选不限,367,70212,,,7,浙江,公办,0,0
黑龙江,2025,物理类,专科批,4620,浙江邮电职业技术学院,（002）,首选物理，再选不限,372,77329,,,6,浙江,公办,0,0
黑龙江,2025,物理类,专科批,4657,安徽第二医学院,（002）,首选物理，再选不限,373,72994,,,5,安徽,公办,0,0
黑龙江,2025,物理类,专科批,4657,安徽第二医学院,（003）,首选物理，再选化学,436,55356,,,2,安徽,公办,0,0
黑龙江,2025,物理类,专科批,4657,安徽第二医学院,（004）,首选物理，再选生物,362,84594,,,1,安徽,公办,0,0
黑龙江,2025,物理类,专科批,4658,安徽中医药高等专科学校,（002）,首选物理，再选不限,357,71799,,,10,安徽,公办,0,0
黑龙江,2025,物理类,专科批,4802,江西医学高等专科学校,（002）,首选物理，再选不限,317,91949,,,0,江西,公办,0,0
黑龙江,2025,物理类,专科批,4802,江西医学高等专科学校,,首选物理，再选化学,344,75007,,,0,江西,公办,0,0
黑龙江,2025,物理类,专科批,4815,江西应用技术职业学院,（002）,首选物理，再选不限,414,64096,,,1,江西,公办,0,0
黑龙江,2025,物理类,专科批,4818,江西机电职业技术学院,（002）,首选物理，再选不限,330,76944,,,9,江西,公办,0,0
黑龙江,2025,物理类,专科批,4821,宜春职业技术学院,（002）,首选物理，再选不限,345,90580,,,5,江西,公办,0,0
黑龙江,2025,物理类,专科批,4852,江西航空职业技术学院,（004）,首选物理，再选不限,349,82348,,,12,江西,民办,0,0
黑龙江,2025,物理类,专科批,4887,威海职业学院,,首选物理，再选不限,274,91270,,,20,山东,公办,0,0
黑龙江,2025,物理类,专科批,4896,滨州职业学院,（002）,首选物理，再选不限,303,100784,,,0,山东,公办,0,0
黑龙江,2025,物理类,专科批,4905,山东信息职业技术学院,,首选物理，再选不限,289,90907,,,0,山东,公办,0,0
黑龙江,2025,物理类,专科批,4923,山东商务职业学院,（002）,首选物理，再选不限,302,101804,,,13,山东,公办,0,0
黑龙江,2025,物理类,专科批,4931,枣庄职业学院,,首选物理，再选不限,359,70605,,,20,山东,公办,0,0
黑龙江,2025,物理类,专科批,4983,三门峡职业技术学院,（002）,首选物理，再选不限,262,111025,,,0,河南,公办,0,0
黑龙江,2025,物理类,专科批,4999,鹤壁职业技术学院,（002）,首选物理，再选不限,237,107315,,,0,河南,公办,0,0
黑龙江,2025,物理类,专科批,5019,安阳职业技术学院,（002）,首选物理，再选不限,317,89886,,,0,河南,公办,0,0
黑龙江,2025,物理类,专科批,5032,河南医学高等专科学校,（002）,首选物理，再选不限,362,84594,,,0,河南,公办,0,0
黑龙江,2025,物理类,专科批,5313,广东科贸职业学院,（002）,首选物理，再选不限,320,86053,,,24,广东,公办,0,0
黑龙江,2025,物理类,专科批,5412,广西信息职业技术学院,（002）,首选物理，再选不限,280,98074,,,13,广西,公办,0,0
黑龙江,2025,物理类,专科批,5444,海南外国语职业学院,（002）,首选物理，再选不限,304,102545,,,0,海南,公办,0,0
黑龙江,2025,物理类,专科批,5447,海南卫生健康职业学院,（001）,首选物理，再选不限,329,88867,,,0,海南,公办,0,0
黑龙江,2025,物理类,专科批,5457,三亚护理职业学院,（002）,首选物理，再选不限,160,117306,,,0,海南,民办,0,0
黑龙江,2025,物理类,专科批,5478,重庆工程职业技术学院,,首选物理，再选不限,323,80466,,,18,重庆,公办,0,0
黑龙江,2025,物理类,专科批,5482,重庆三峡医药高等专科学校,（001）,首选物理，再选不限,385,63298,,,0,重庆,公办,0,0
黑龙江,2025,物理类,专科批,5485,重庆财经职业学院,,首选物理，再选不限,317,92633,,,0,重庆,公办,0,0
黑龙江,2025,物理类,专科批,5697,楚雄医药高等专科学校,（002）,首选物理，再选化学、生物(2科必选),297,98074,,,8,云南,公办,0,0
黑龙江,2025,物理类,专科批,5705,红河卫生职业学院,（001）,首选物理，再选不限,343,88153,,,0,云南,公办,0,0
黑龙江,2025,物理类,专科批,5753,西藏职业技术学院,（002）,首选物理，再选不限,216,115958,,,5,西藏,公办,0,0
黑龙江,2025,物理类,专科批,5753,西藏职业技术学院,（003）,首选物理，再选化学,173,115017,,,14,西藏,公办,0,0
黑龙江,2025,物理类,专科批,5753,西藏职业技术学院,（004）,首选物理，再选生物、地理(2科必选),202,116642,,,2,西藏,公办,0,0
黑龙江,2025,物理类,专科提前批B段,1760,江西水利电力大学,,首选物理，再选不限,306,101311,,,10,江西,公办,0,0
黑龙江,2025,物理类,专科提前批B段,2430,兰州资源环境职业技术大学,（002）,首选物理，再选不限,312,91949,,,0,甘肃,公办,0,0
黑龙江,2025,物理类,本科批,1002,北京大学医学部,（002）,首选物理，再选不限,646,1155,,,0,北京,公办,1,1
黑龙江,2025,物理类,本科批,1002,北京大学医学部,,首选物理，再选化学,663,68,,,0,北京,公办,1,1
黑龙江,2025,物理类,本科批,1012,中央民族大学,,首选物理，再选不限,527,6159,,,0,北京,公办,1,1
黑龙江,2025,物理类,本科批,1012,中央民族大学,（007）,首选物理，再选化学,597,5517,,,0,北京,公办,1,1
黑龙江,2025,物理类,本科批,1015,北京工业大学,（002）,首选物理，再选化学,595,5362,,,0,北京,公办,0,1
黑龙江,2025,物理类,本科批,1016,北京科技大学,（005）,首选物理，再选不限,604,5362,,,6,北京,公办,0,1
黑龙江,2025,物理类,本科批,1016,北京科技大学,,首选物理，再选化学,562,3537,,,66,北京,公办,0,1
黑龙江,2025,物理类,本科批,1017,北京化工大学,,首选物理，再选化学,592,5080,,,0,北京,公办,0,1
黑龙江,2025,物理类,本科批,1018,北京邮电大学,（007）,首选物理，再选不限,617,3653,,,3,北京,公办,0,1
黑龙江,2025,物理类,本科批,1018,北京邮电大学,,首选物理，再选化学,592,1255,,,115,北京,公办,0,1
黑龙江,2025,物理类,本科批,1020,北京林业大学,,首选物理，再选不限,571,8689,,,0,北京,公办,0,1
黑龙江,2025,物理类,本科批,1020,北京林业大学,,首选物理，再选化学,569,6344,,,0,北京,公办,0,1
黑龙江,2025,物理类,本科批,1020,北京林业大学,（006）,首选物理，再选地理,583,9114,,,0,北京,公办,0,1
黑龙江,2025,物理类,本科批,1020,北京林业大学,（011）,首选物理，再选生物,578,10157,,,0,北京,公办,0,1
黑龙江,2025,物理类,本科批,1021,北京中医药大学,（003）,首选物理，再选不限,593,7181,,,0,北京,公办,0,1
黑龙江,2025,物理类,本科批,1021,北京中医药大学,（004）,首选物理，再选化学,559,1361,,,0,北京,公办,0,1
黑龙江,2025,物理类,本科批,1022,北京外国语大学,（006）,首选物理，再选不限,601,4791,,,0,北京,公办,0,1
黑龙江,2025,物理类,本科批,1022,北京外国语大学,（007）,首选物理，再选化学,605,5206,,,0,北京,公办,0,1
黑龙江,2025,物理类,本科批,1023,中国传媒大学,（006）,首选物理，再选不限,580,8497,,,0,北京,公办,0,1
黑龙江,2025,物理类,本科批,1023,中国传媒大学,,首选物理，再选化学,566,3888,,,0,北京,公办,0,1
黑龙江,2025,物理类,本科批,1024,中央财经大学,,首选物理，再选不限,571,2752,,,0,北京,公办,0,1
黑龙江,2025,物理类,本科批,1025,对外经济贸易大学,（006）,首选物理，再选不限,601,5517,,,24,北京,公办,0,1
黑龙江,2025,物理类,本科批,1026,北京体育大学,,首选物理，再选不限,562,7345,,,0,北京,公办,0,1
黑龙江,2025,物理类,本科批,1026,北京体育大学,,首选物理，再选化学,566,7902,,,0,北京,公办,0,1
黑龙江,2025,物理类,本科批,1031,中国石油大学（北京）,（003）,首选物理，再选不限,586,8497,,,0,北京,公办,0,1
黑龙江,2025,物理类,本科批,1031,中国石油大学（北京）,（004）,首选物理，再选化学,593,5080,,,0,北京,公办,0,1
黑龙江,2025,物理类,本科批,1032,中国石油大学（北京）克拉玛依校区,（004）,首选物理，再选不限,507,19785,,,0,新疆,公办,0,1
黑龙江,2025,物理类,本科批,1032,中国石油大学（北京）克拉玛依校区,,首选物理，再选化学,549,11398,,,0,新疆,公办,0,1
黑龙江,2025,物理类,本科批,1033,中国地质大学（北京）,,首选物理，再选不限,573,8893,,,0,北京,公办,0,1
黑龙江,2025,物理类,本科批,1033,中国地质大学（北京）,,首选物理，再选化学,551,4659,,,0,北京,公办,0,1
黑龙江,2025,物理类,本科批,1047,中国劳动关系学院,,首选物理，再选不限,476,22735,,,0,北京,公办,0,0
黑龙江,2025,物理类,本科批,1054,北京工商大学,（001）,首选物理，再选不限,560,13227,,,10,北京,公办,0,0
黑龙江,2025,物理类,本科批,1054,北京工商大学,（002）,首选物理，再选化学,568,12290,,,5,北京,公办,0,0
黑龙江,2025,物理类,本科批,1055,北京建筑大学,（001）,首选物理，再选不限,544,17572,,,0,北京,公办,0,0
黑龙江,2025,物理类,本科批,1055,北京建筑大学,（002）,首选物理，再选化学,477,12723,,,0,北京,公办,0,0
黑龙江,2025,物理类,本科批,1056,首都医科大学,,首选物理，再选化学,561,2277,,,0,北京,公办,0,0
黑龙江,2025,物理类,本科批,1057,首都经济贸易大学,（002）,首选物理，再选不限,561,13977,,,0,北京,公办,0,0
黑龙江,2025,物理类,本科批,1057,首都经济贸易大学,（003）,首选物理，再选化学,564,13227,,,0,北京,公办,0,0
黑龙江,2025,物理类,本科批,1059,北京联合大学,（002）,首选物理，再选不限,452,49313,,,0,北京,公办,0,0
黑龙江,2025,物理类,本科批,1059,北京联合大学,,首选物理，再选化学,452,19256,,,0,北京,公办,0,0
黑龙江,2025,物理类,本科批,1062,北京石油化工学院,（001）,首选物理，再选化学,507,23358,,,0,北京,公办,0,0
黑龙江,2025,物理类,本科批,1066,北京物资学院,,首选物理，再选不限,485,25580,,,0,北京,公办,0,0
黑龙江,2025,物理类,本科批,1095,天津工业大学,（002）,首选物理，再选不限,543,18106,,,4,天津,公办,0,0
黑龙江,2025,物理类,本科批,1095,天津工业大学,,首选物理，再选化学,514,8689,,,85,天津,公办,0,0
黑龙江,2025,物理类,本科批,1097,中国民航大学,（004）,首选物理，再选不限,571,11398,,,0,天津,公办,0,0
黑龙江,2025,物理类,本科批,1097,中国民航大学,,首选物理，再选化学,547,6651,,,0,天津,公办,0,0
黑龙江,2025,物理类,本科批,1101,天津师范大学,（004）,首选物理，再选不限,393,30143,,,0,天津,公办,0,0
黑龙江,2025,物理类,本科批,1101,天津师范大学,,首选物理，再选化学,515,10983,,,0,天津,公办,0,0
黑龙江,2025,物理类,本科批,1101,天津师范大学,（005）,首选物理，再选地理,545,18106,,,0,天津,公办,0,0
黑龙江,2025,物理类,本科批,1102,天津职业技术师范大学,（002）,首选物理，再选不限,442,40193,,,0,天津,公办,0,0
黑龙江,2025,物理类,本科批,1102,天津职业技术师范大学,（003）,首选物理，再选化学,495,27172,,,0,天津,公办,0,0
黑龙江,2025,物理类,本科批,1108,天津农学院,（001）,首选物理，再选不限,459,41927,,,2,天津,公办,0,0
黑龙江,2025,物理类,本科批,1108,天津农学院,,首选物理，再选化学,451,36685,,,21,天津,公办,0,0
黑龙江,2025,物理类,本科批,1135,防灾科技学院,,首选物理，再选不限,455,37360,,,0,河北,公办,0,0
黑龙江,2025,物理类,本科批,1135,防灾科技学院,,首选物理，再选化学,459,37001,,,0,河北,公办,0,0
黑龙江,2025,物理类,本科批,1137,河北大学,（002）,首选物理，再选不限,454,24321,,,0,河北,公办,0,0
黑龙江,2025,物理类,本科批,1137,河北大学,,首选物理，再选化学,511,20340,,,0,河北,公办,0,0
黑龙江,2025,物理类,本科批,1138,河北工程大学,,首选物理，再选不限,440,39107,,,0,河北,公办,0,0
黑龙江,2025,物理类,本科批,1138,河北工程大学,（005）,首选物理，再选化学,486,23036,,,0,河北,公办,0,0
黑龙江,2025,物理类,本科批,1138,河北工程大学,（006）,首选物理，再选生物,401,65328,,,0,河北,公办,0,0
黑龙江,2025,物理类,本科批,1141,河北科技大学,,首选物理，再选不限,479,30143,,,8,河北,公办,0,0
黑龙江,2025,物理类,本科批,1141,河北科技大学,,首选物理，再选化学,490,19785,,,12,河北,公办,0,0
黑龙江,2025,物理类,本科批,1143,河北医科大学,（002）,首选物理，再选化学,491,32203,,,0,河北,公办,0,0
黑龙江,2025,物理类,本科批,1143,河北医科大学,（003）,首选物理，再选化学、生物(2科必选),576,10157,,,0,河北,公办,0,0
黑龙江,2025,物理类,本科批,1143,河北医科大学,（004）,首选物理，再选生物,504,30815,,,0,河北,公办,0,0
黑龙江,2025,物理类,本科批,1144,河北师范大学,,首选物理，再选化学,488,26854,,,32,河北,公办,0,0
黑龙江,2025,物理类,本科批,1144,河北师范大学,（006）,首选物理，再选化学、生物(2科必选),522,24920,,,5,河北,公办,0,0
黑龙江,2025,物理类,本科批,1145,石家庄铁道大学,,首选物理，再选不限,490,24920,,,0,河北,公办,0,0
黑龙江,2025,物理类,本科批,1145,石家庄铁道大学,,首选物理，再选化学,517,14206,,,0,河北,公办,0,0
黑龙江,2025,物理类,本科批,1146,燕山大学,,首选物理，再选不限,516,23694,,,14,河北,公办,0,0
黑龙江,2025,物理类,本科批,1146,燕山大学,（007）,首选物理，再选化学,542,7345,,,174,河北,公办,0,0
黑龙江,2025,物理类,本科批,1148,河北中医药大学,,首选物理，再选不限,481,20052,,,0,河北,公办,0,0
黑龙江,2025,物理类,本科批,1148,河北中医药大学,,首选物理，再选化学,503,18673,,,0,河北,公办,0,0
黑龙江,2025,物理类,本科批,1150,河北科技工程职业技术大学,（003）,首选物理，再选不限,431,54207,,,0,河北,公办,0,0
黑龙江,2025,物理类,本科批,1150,河北科技工程职业技术大学,（004）,首选物理，再选化学,411,64096,,,0,河北,公办,0,0
黑龙江,2025,物理类,本科批,1152,河北建筑工程学院,（002）,首选物理，再选不限,381,77329,,,0,河北,公办,0,0
黑龙江,2025,物理类,本科批,1152,河北建筑工程学院,,首选物理，再选化学,378,60117,,,0,河北,公办,0,0
黑龙江,2025,物理类,本科批,1154,河北北方学院,,首选物理，再选化学,462,25891,,,10,河北,公办,0,0
黑龙江,2025,物理类,本科批,1155,承德医学院,（001）,首选物理，再选生物,392,72994,,,3,河北,公办,0,0
黑龙江,2025,物理类,本科批,1157,河北民族师范学院,（002）,首选物理，再选化学,466,44131,,,5,河北,公办,0,0
黑龙江,2025,物理类,本科批,1159,廊坊师范学院,（003）,首选物理，再选不限,419,58069,,,4,河北,公办,0,0
黑龙江,2025,物理类,本科批,1159,廊坊师范学院,（004）,首选物理，再选化学,435,48936,,,8,河北,公办,0,0
黑龙江,2025,物理类,本科批,1165,河北科技师范学院,（003）,首选物理，再选不限,407,62092,,,0,河北,公办,0,0
黑龙江,2025,物理类,本科批,1168,河北金融学院,,首选物理，再选不限,386,35295,,,14,河北,公办,0,0
黑龙江,2025,物理类,本科批,1168,河北金融学院,（004）,首选物理，再选化学,463,42656,,,21,河北,公办,0,0
黑龙江,2025,物理类,本科批,1169,北华航天工业学院,,首选物理，再选化学,480,24606,,,43,河北,公办,0,0
黑龙江,2025,物理类,本科批,1170,张家口学院,（002）,首选物理，再选化学,399,69793,,,8,河北,公办,0,0
黑龙江,2025,物理类,本科批,1170,张家口学院,（003）,首选物理，再选生物,426,57719,,,8,河北,公办,0,0
黑龙江,2025,物理类,本科批,1171,河北环境工程学院,（003）,首选物理，再选不限,414,64096,,,3,河北,公办,0,0
黑龙江,2025,物理类,本科批,1171,河北环境工程学院,（004）,首选物理，再选化学,418,57273,,,9,河北,公办,0,0
黑龙江,2025,物理类,本科批,1171,河北环境工程学院,（005）,首选物理，再选生物,439,54207,,,3,河北,公办,0,0
黑龙江,2025,物理类,本科批,1194,中北大学,（002）,首选物理，再选不限,489,26183,,,5,山西,公办,0,0
黑龙江,2025,物理类,本科批,1194,中北大学,,首选物理，再选化学,556,8285,,,89,山西,公办,0,0
黑龙江,2025,物理类,本科批,1195,山西农业大学,（003）,首选物理，再选不限,413,55356,,,0,山西,公办,0,0
黑龙江,2025,物理类,本科批,1195,山西农业大学,（004）,首选物理，再选化学,428,47867,,,0,山西,公办,0,0
黑龙江,2025,物理类,本科批,1195,山西农业大学,,首选物理，再选化学、生物(2科必选),438,46685,,,0,山西,公办,0,0
黑龙江,2025,物理类,本科批,1196,山西医科大学,,首选物理，再选不限,424,50394,,,8,山西,公办,0,0
黑龙江,2025,物理类,本科批,1196,山西医科大学,（007）,首选物理，再选化学,450,40562,,,35,山西,公办,0,0
黑龙江,2025,物理类,本科批,1196,山西医科大学,,首选物理，再选化学、生物(2科必选),508,5517,,,23,山西,公办,0,0
黑龙江,2025,物理类,本科批,1196,山西医科大学,（010）,首选物理，再选生物,475,40911,,,4,山西,公办,0,0
黑龙江,2025,物理类,本科批,1197,山西师范大学,（005）,首选物理，再选化学,447,43426,,,8,山西,公办,0,0
黑龙江,2025,物理类,本科批,1197,山西师范大学,（004）,首选物理，再选地理,465,39823,,,5,山西,公办,0,0
黑龙江,2025,物理类,本科批,1203,太原师范学院,（005）,首选物理，再选化学,473,37712,,,0,山西,公办,0,0
黑龙江,2025,物理类,本科批,1205,长治学院,（004）,首选物理，再选不限,398,67770,,,8,山西,公办,0,0
黑龙江,2025,物理类,本科批,1205,长治学院,（005）,首选物理，再选化学,405,57714,,,10,山西,公办,0,0
黑龙江,2025,物理类,本科批,1206,运城学院,（001）,首选物理，再选化学,403,64096,,,0,山西,公办,0,0
黑龙江,2025,物理类,本科批,1208,吕梁学院,（003）,首选物理，再选不限,449,50394,,,1,山西,公办,0,0
黑龙江,2025,物理类,本科批,1208,吕梁学院,（004）,首选物理，再选化学,404,56148,,,5,山西,公办,0,0
黑龙江,2025,物理类,本科批,1208,吕梁学院,（005）,首选物理，再选化学、生物(2科必选),418,62502,,,1,山西,公办,0,0
黑龙江,2025,物理类,本科批,1209,太原学院,,首选物理，再选不限,370,62092,,,0,山西,公办,0,0
黑龙江,2025,物理类,本科批,1209,太原学院,（004）,首选物理，再选化学,411,64900,,,0,山西,公办,0,0
黑龙江,2025,物理类,本科批,1213,太原工业学院,,首选物理，再选化学,409,43426,,,30,山西,公办,0,0
黑龙江,2025,物理类,本科批,1215,山西工程技术学院,（001）,首选物理，再选不限,411,60506,,,0,山西,公办,0,0
黑龙江,2025,物理类,本科批,1215,山西工程技术学院,（003）,首选物理，再选化学,411,53827,,,0,山西,公办,0,0
黑龙江,2025,物理类,本科批,1215,山西工程技术学院,（002）,首选物理，再选地理,405,67770,,,0,山西,公办,0,0
黑龙江,2025,物理类,本科批,1241,内蒙古大学,,首选物理，再选不限,526,16806,,,6,内蒙古,公办,0,1
黑龙江,2025,物理类,本科批,1241,内蒙古大学,,首选物理，再选化学,511,8081,,,35,内蒙古,公办,0,1
黑龙江,2025,物理类,本科批,1245,内蒙古工业大学,,首选物理，再选不限,376,66529,,,0,内蒙古,公办,0,0
黑龙江,2025,物理类,本科批,1245,内蒙古工业大学,,首选物理，再选化学,398,37712,,,0,内蒙古,公办,0,0
黑龙江,2025,物理类,本科批,1250,内蒙古财经大学,（002）,首选物理，再选不限,450,50020,,,0,内蒙古,公办,0,0
黑龙江,2025,物理类,本科批,1250,内蒙古财经大学,,首选物理，再选化学,481,35295,,,0,内蒙古,公办,0,0
黑龙江,2025,物理类,本科批,1256,呼和浩特民族学院,（005）,首选物理，再选化学,396,71023,,,4,内蒙古,公办,0,0
黑龙江,2025,物理类,本科批,1286,大连海事大学,,首选物理，再选不限,575,7531,,,0,辽宁,公办,0,1
黑龙江,2025,物理类,本科批,1286,大连海事大学,,首选物理，再选化学,565,6159,,,0,辽宁,公办,0,1
黑龙江,2025,物理类,本科批,1291,沈阳航空航天大学,,首选物理，再选化学,555,5997,,,0,辽宁,公办,0,0
黑龙江,2025,物理类,本科批,1292,沈阳理工大学,（003）,首选物理，再选不限,527,23358,,,2,辽宁,公办,0,0
黑龙江,2025,物理类,本科批,1292,沈阳理工大学,,首选物理，再选化学,476,12290,,,47,辽宁,公办,0,0
黑龙江,2025,物理类,本科批,1295,辽宁石油化工大学,,首选物理，再选化学,481,23358,,,92,辽宁,公办,0,0
黑龙江,2025,物理类,本科批,1296,沈阳化工大学,（004）,首选物理，再选不限,468,35620,,,0,辽宁,公办,0,0
黑龙江,2025,物理类,本科批,1296,沈阳化工大学,,首选物理，再选化学,463,25580,,,0,辽宁,公办,0,0
黑龙江,2025,物理类,本科批,1298,大连工业大学,,首选物理，再选不限,487,19786,,,5,辽宁,公办,0,0
黑龙江,2025,物理类,本科批,1298,大连工业大学,,首选物理，再选化学,491,14740,,,91,辽宁,公办,0,0
黑龙江,2025,物理类,本科批,1299,沈阳建筑大学,,首选物理，再选不限,437,35295,,,10,辽宁,公办,0,0
黑龙江,2025,物理类,本科批,1299,沈阳建筑大学,,首选物理，再选化学,419,22735,,,39,辽宁,公办,0,0
黑龙江,2025,物理类,本科批,1300,辽宁工业大学,（001）,首选物理，再选不限,443,47067,,,0,辽宁,公办,0,0
黑龙江,2025,物理类,本科批,1300,辽宁工业大学,,首选物理，再选化学,423,29482,,,0,辽宁,公办,0,0
黑龙江,2025,物理类,本科批,1301,沈阳农业大学,（001）,首选物理，再选不限,546,17836,,,0,辽宁,公办,0,0
黑龙江,2025,物理类,本科批,1301,沈阳农业大学,,首选物理，再选化学,455,16806,,,0,辽宁,公办,0,0
黑龙江,2025,物理类,本科批,1301,沈阳农业大学,（004）,首选物理，再选生物,495,33883,,,0,辽宁,公办,0,0
黑龙江,2025,物理类,本科批,1305,大连医科大学,（002）,首选物理，再选不限,559,14473,,,0,辽宁,公办,0,0
黑龙江,2025,物理类,本科批,1305,大连医科大学,,首选物理，再选化学,516,3888,,,0,辽宁,公办,0,0
黑龙江,2025,物理类,本科批,1306,辽宁中医药大学,（003）,首选物理，再选不限,542,18971,,,0,辽宁,公办,0,0
黑龙江,2025,物理类,本科批,1306,辽宁中医药大学,,首选物理，再选化学,456,24002,,,0,辽宁,公办,0,0
黑龙江,2025,物理类,本科批,1308,辽宁师范大学,,首选物理，再选不限,441,44500,,,10,辽宁,公办,0,0
黑龙江,2025,物理类,本科批,1308,辽宁师范大学,（009）,首选物理，再选化学,527,13227,,,9,辽宁,公办,0,0
黑龙江,2025,物理类,本科批,1309,沈阳师范大学,,首选物理，再选化学,444,24606,,,45,辽宁,公办,0,0
黑龙江,2025,物理类,本科批,1311,大连外国语大学,,首选物理，再选不限,482,27485,,,13,辽宁,公办,0,0
黑龙江,2025,物理类,本科批,1311,大连外国语大学,（005）,首选物理，再选思想政治,490,35620,,,2,辽宁,公办,0,0
黑龙江,2025,物理类,本科批,1313,沈阳大学,,首选物理，再选不限,453,37712,,,6,辽宁,公办,0,0
黑龙江,2025,物理类,本科批,1313,沈阳大学,,首选物理，再选化学,478,26183,,,13,辽宁,公办,0,0
黑龙江,2025,物理类,本科批,1316,鞍山师范学院,（002）,首选物理，再选不限,450,48936,,,0,辽宁,公办,0,0
黑龙江,2025,物理类,本科批,1316,鞍山师范学院,（003）,首选物理，再选化学,481,36322,,,0,辽宁,公办,0,0
黑龙江,2025,物理类,本科批,1320,辽宁科技学院,（001）,首选物理，再选化学,472,39463,,,30,辽宁,公办,0,0
黑龙江,2025,物理类,本科批,1323,辽东学院,（003）,首选物理，再选化学,414,64096,,,0,辽宁,公办,0,0
黑龙江,2025,物理类,本科批,1324,营口理工学院,,首选物理，再选不限,424,58069,,,9,辽宁,公办,0,0
黑龙江,2025,物理类,本科批,1324,营口理工学院,（004）,首选物理，再选化学,439,40911,,,38,辽宁,公办,0,0
黑龙江,2025,物理类,本科批,1351,吉林大学,,首选物理，再选不限,578,3044,,,75,吉林,公办,1,1
黑龙江,2025,物理类,本科批,1351,吉林大学,,首选物理，再选化学,546,1722,,,576,吉林,公办,1,1
黑龙江,2025,物理类,本科批,1351,吉林大学,（017）,首选物理，再选化学、生物(2科必选),588,5843,,,21,吉林,公办,1,1
黑龙江,2025,物理类,本科批,1351,吉林大学,（018）,首选物理，再选思想政治,585,6344,,,4,吉林,公办,1,1
黑龙江,2025,物理类,本科批,1352,延边大学,,首选物理，再选不限,515,24002,,,0,吉林,公办,0,1
黑龙江,2025,物理类,本科批,1352,延边大学,,首选物理，再选化学,468,18106,,,0,吉林,公办,0,1
黑龙江,2025,物理类,本科批,1352,延边大学,（011）,首选物理，再选地理,526,23694,,,0,吉林,公办,0,1
黑龙江,2025,物理类,本科批,1352,延边大学,,首选物理，再选生物,464,30815,,,0,吉林,公办,0,1
黑龙江,2025,物理类,本科批,1353,东北师范大学,,首选物理，再选不限,514,8497,,,0,吉林,公办,0,1
黑龙江,2025,物理类,本科批,1353,东北师范大学,,首选物理，再选化学,468,2446,,,0,吉林,公办,0,1
黑龙江,2025,物理类,本科批,1355,长春理工大学,,首选物理，再选不限,503,27172,,,0,吉林,公办,0,0
黑龙江,2025,物理类,本科批,1355,长春理工大学,,首选物理，再选化学,469,7902,,,0,吉林,公办,0,0
黑龙江,2025,物理类,本科批,1355,长春理工大学,（013）,首选物理，再选化学、生物(2科必选),537,20340,,,0,吉林,公办,0,0
黑龙江,2025,物理类,本科批,1356,东北电力大学,,首选物理，再选不限,472,21238,,,16,吉林,公办,0,0
黑龙江,2025,物理类,本科批,1356,东北电力大学,,首选物理，再选化学,456,6983,,,186,吉林,公办,0,0
黑龙江,2025,物理类,本科批,1357,长春工业大学,,首选物理，再选不限,454,31161,,,26,吉林,公办,0,0
黑龙江,2025,物理类,本科批,1357,长春工业大学,,首选物理，再选化学,503,21238,,,84,吉林,公办,0,0
黑龙江,2025,物理类,本科批,1358,吉林建筑大学,,首选物理，再选不限,403,44500,,,0,吉林,公办,0,0
黑龙江,2025,物理类,本科批,1358,吉林建筑大学,,首选物理，再选化学,461,42656,,,0,吉林,公办,0,0
黑龙江,2025,物理类,本科批,1359,吉林农业大学,（005）,首选物理，再选不限,439,48936,,,0,吉林,公办,0,0
黑龙江,2025,物理类,本科批,1359,吉林农业大学,（006）,首选物理，再选化学,467,35295,,,0,吉林,公办,0,0
黑龙江,2025,物理类,本科批,1359,吉林农业大学,,首选物理，再选化学、生物(2科必选),416,33883,,,0,吉林,公办,0,0
黑龙江,2025,物理类,本科批,1359,吉林农业大学,（009）,首选物理，再选生物,450,50020,,,0,吉林,公办,0,0
黑龙江,2025,物理类,本科批,1360,长春中医药大学,（001）,首选物理，再选不限,505,20920,,,20,吉林,公办,0,0
黑龙江,2025,物理类,本科批,1360,长春中医药大学,,首选物理，再选化学,435,24920,,,22,吉林,公办,0,0
黑龙江,2025,物理类,本科批,1361,北华大学,（002）,首选物理，再选不限,440,53827,,,2,吉林,公办,0,0
黑龙江,2025,物理类,本科批,1361,北华大学,,首选物理，再选化学,415,26183,,,44,吉林,公办,0,0
黑龙江,2025,物理类,本科批,1363,长春师范大学,,首选物理，再选化学,455,30815,,,16,吉林,公办,0,0
黑龙江,2025,物理类,本科批,1365,长春大学,,首选物理，再选化学,406,27830,,,21,吉林,公办,0,0
黑龙江,2025,物理类,本科批,1365,长春大学,（016）,首选物理，再选生物,449,50394,,,2,吉林,公办,0,0
黑龙江,2025,物理类,本科批,1366,吉林化工大学,（001）,首选物理，再选不限,433,49313,,,0,吉林,公办,0,0
黑龙江,2025,物理类,本科批,1366,吉林化工大学,（002）,首选物理，再选化学,455,36322,,,0,吉林,公办,0,0
黑龙江,2025,物理类,本科批,1368,吉林工程技术师范学院,（003）,首选物理，再选化学,415,60870,,,0,吉林,公办,0,0
黑龙江,2025,物理类,本科批,1373,长春工程学院,,首选物理，再选不限,356,37001,,,0,吉林,公办,0,0
黑龙江,2025,物理类,本科批,1373,长春工程学院,（006）,首选物理，再选化学,387,47867,,,0,吉林,公办,0,0
黑龙江,2025,物理类,本科批,1375,吉林警察学院,（003）,首选物理，再选不限,500,31850,,,0,吉林,公办,0,0
黑龙江,2025,物理类,本科批,1375,吉林警察学院,（004）,首选物理，再选化学,504,30815,,,0,吉林,公办,0,0
黑龙江,2025,物理类,本科批,1376,吉林医药学院,（002）,首选物理，再选不限,452,49313,,,0,吉林,公办,0,0
黑龙江,2025,物理类,本科批,1376,吉林医药学院,（003）,首选物理，再选化学,423,42656,,,0,吉林,公办,0,0
黑龙江,2025,物理类,本科批,1376,吉林医药学院,,首选物理，再选化学、生物(2科必选),404,40193,,,0,吉林,公办,0,0
黑龙江,2025,物理类,本科批,1377,长春汽车职业技术大学,（001）,首选物理，再选不限,424,47867,,,80,吉林,公办,0,0
黑龙江,2025,物理类,本科批,1378,长春职业技术大学,（001）,首选物理，再选化学,439,47067,,,0,吉林,公办,0,0
黑龙江,2025,物理类,本科批,1378,长春职业技术大学,（002）,首选物理，再选化学、生物(2科必选),425,59709,,,0,吉林,公办,0,0
黑龙江,2025,物理类,本科批,1406,东北林业大学,（004）,首选物理，再选不限,559,11398,,,0,黑龙江,公办,0,1
黑龙江,2025,物理类,本科批,1406,东北林业大学,,首选物理，再选化学,534,8081,,,0,黑龙江,公办,0,1
黑龙江,2025,物理类,本科批,1408,黑龙江大学,,首选物理，再选不限,468,11598,,,0,黑龙江,公办,0,0
黑龙江,2025,物理类,本科批,1408,黑龙江大学,,首选物理，再选化学,449,21797,,,0,黑龙江,公办,0,0
黑龙江,2025,物理类,本科批,1410,哈尔滨理工大学,,首选物理，再选不限,448,28493,,,0,黑龙江,公办,0,0
黑龙江,2025,物理类,本科批,1410,哈尔滨理工大学,,首选物理，再选化学,457,13977,,,0,黑龙江,公办,0,0
黑龙江,2025,物理类,本科批,1411,黑龙江科技大学,（003）,首选物理，再选不限,432,47483,,,0,黑龙江,公办,0,0
黑龙江,2025,物理类,本科批,1411,黑龙江科技大学,,首选物理，再选化学,375,10772,,,0,黑龙江,公办,0,0
黑龙江,2025,物理类,本科批,1412,东北石油大学,,首选物理，再选不限,436,38060,,,258,黑龙江,公办,0,0
黑龙江,2025,物理类,本科批,1412,东北石油大学,,首选物理，再选化学,399,16806,,,2101,黑龙江,公办,0,0
黑龙江,2025,物理类,本科批,1415,佳木斯大学,,首选物理，再选不限,374,36685,,,0,黑龙江,公办,0,0
黑龙江,2025,物理类,本科批,1415,佳木斯大学,,首选物理，再选化学,416,20920,,,0,黑龙江,公办,0,0
黑龙江,2025,物理类,本科批,1415,佳木斯大学,,首选物理，再选化学、生物(2科必选),468,14206,,,0,黑龙江,公办,0,0
黑龙江,2025,物理类,本科批,1415,佳木斯大学,（027）,首选物理，再选地理,420,61673,,,0,黑龙江,公办,0,0
黑龙江,2025,物理类,本科批,1415,佳木斯大学,（036）,首选物理，再选思想政治,463,45231,,,0,黑龙江,公办,0,0
黑龙江,2025,物理类,本科批,1415,佳木斯大学,,首选物理，再选生物,427,13227,,,0,黑龙江,公办,0,0
黑龙江,2025,物理类,本科批,1416,黑龙江八一农垦大学,,首选物理，再选不限,421,46685,,,0,黑龙江,公办,0,0
黑龙江,2025,物理类,本科批,1416,黑龙江八一农垦大学,,首选物理，再选化学,419,19785,,,0,黑龙江,公办,0,0
黑龙江,2025,物理类,本科批,1416,黑龙江八一农垦大学,（010）,首选物理，再选生物,416,63298,,,0,黑龙江,公办,0,0
黑龙江,2025,物理类,本科批,1418,哈尔滨医科大学,（003）,首选物理，再选化学,571,11598,,,16,黑龙江,公办,0,0
黑龙江,2025,物理类,本科批,1418,哈尔滨医科大学,,首选物理，再选化学、生物(2科必选),533,1950,,,560,黑龙江,公办,0,0
黑龙江,2025,物理类,本科批,1418,哈尔滨医科大学,（007）,首选物理，再选生物,531,22130,,,15,黑龙江,公办,0,0
黑龙江,2025,物理类,本科批,1420,黑龙江中医药大学,,首选物理，再选不限,442,12510,,,475,黑龙江,公办,0,0
黑龙江,2025,物理类,本科批,1420,黑龙江中医药大学,,首选物理，再选化学,430,39463,,,574,黑龙江,公办,0,0
黑龙江,2025,物理类,本科批,1420,黑龙江中医药大学,,首选物理，再选生物,428,40911,,,354,黑龙江,公办,0,0
黑龙江,2025,物理类,本科批,1421,哈尔滨师范大学,,首选物理，再选不限,430,13227,,,0,黑龙江,公办,0,0
黑龙江,2025,物理类,本科批,1421,哈尔滨师范大学,,首选物理，再选化学,445,9721,,,0,黑龙江,公办,0,0
黑龙江,2025,物理类,本科批,1421,哈尔滨师范大学,,首选物理，再选地理,360,36322,,,0,黑龙江,公办,0,0
黑龙江,2025,物理类,本科批,1422,齐齐哈尔大学,,首选物理，再选不限,418,37360,,,0,黑龙江,公办,0,0
黑龙江,2025,物理类,本科批,1422,齐齐哈尔大学,,首选物理，再选化学,381,13977,,,0,黑龙江,公办,0,0
黑龙江,2025,物理类,本科批,1422,齐齐哈尔大学,（076）,首选物理，再选地理,433,56516,,,0,黑龙江,公办,0,0
黑龙江,2025,物理类,本科批,1422,齐齐哈尔大学,（083）,首选物理，再选生物,415,63704,,,0,黑龙江,公办,0,0
黑龙江,2025,物理类,本科批,1423,哈尔滨商业大学,,首选物理，再选不限,422,16566,,,0,黑龙江,公办,0,0
黑龙江,2025,物理类,本科批,1423,哈尔滨商业大学,,首选物理，再选化学,441,29828,,,0,黑龙江,公办,0,0
黑龙江,2025,物理类,本科批,1425,牡丹江师范学院,（052）,首选物理，再选不限,410,55743,,,285,黑龙江,公办,0,0
黑龙江,2025,物理类,本科批,1425,牡丹江师范学院,（053）,首选物理，再选化学,414,52234,,,849,黑龙江,公办,0,0
黑龙江,2025,物理类,本科批,1425,牡丹江师范学院,（054）,首选物理，再选生物,406,67363,,,37,黑龙江,公办,0,0
黑龙江,2025,物理类,本科批,1426,哈尔滨学院,（017）,首选物理，再选不限,418,50394,,,0,黑龙江,公办,0,0
黑龙江,2025,物理类,本科批,1426,哈尔滨学院,,首选物理，再选化学,399,51864,,,0,黑龙江,公办,0,0
黑龙江,2025,物理类,本科批,1426,哈尔滨学院,（018）,首选物理，再选地理,420,61673,,,0,黑龙江,公办,0,0
黑龙江,2025,物理类,本科批,1428,绥化学院,,首选物理，再选不限,402,63298,,,341,黑龙江,公办,0,0
黑龙江,2025,物理类,本科批,1428,绥化学院,,首选物理，再选化学,367,18397,,,634,黑龙江,公办,0,0
黑龙江,2025,物理类,本科批,1428,绥化学院,（022）,首选物理，再选地理,405,67770,,,14,黑龙江,公办,0,0
黑龙江,2025,物理类,本科批,1432,黑龙江工业学院,（003）,首选物理，再选不限,397,68605,,,124,黑龙江,公办,0,0
黑龙江,2025,物理类,本科批,1432,黑龙江工业学院,,首选物理，再选化学,397,62092,,,568,黑龙江,公办,0,0
黑龙江,2025,物理类,本科批,1456,华东师范大学,（006）,首选物理，再选化学,624,1804,,,0,上海,公办,1,1
黑龙江,2025,物理类,本科批,1457,华东理工大学,,首选物理，再选不限,570,7181,,,0,上海,公办,0,1
黑龙江,2025,物理类,本科批,1457,华东理工大学,,首选物理，再选化学,572,4548,,,0,上海,公办,0,1
黑龙江,2025,物理类,本科批,1460,上海财经大学,（003）,首选物理，再选不限,602,3304,,,0,上海,公办,0,1
黑龙江,2025,物理类,本科批,1460,上海财经大学,,首选物理，再选化学,607,4151,,,0,上海,公办,0,1
黑龙江,2025,物理类,本科批,1462,上海海洋大学,（002）,首选物理，再选化学,563,12510,,,0,上海,公办,0,0
黑龙江,2025,物理类,本科批,1468,上海理工大学,（002）,首选物理，再选化学,574,9334,,,0,上海,公办,0,0
黑龙江,2025,物理类,本科批,1469,上海海事大学,（003）,首选物理，再选不限,563,12977,,,0,上海,公办,0,0
黑龙江,2025,物理类,本科批,1469,上海海事大学,（004）,首选物理，再选化学,551,11200,,,0,上海,公办,0,0
黑龙江,2025,物理类,本科批,1472,上海师范大学,（002）,首选物理，再选化学,539,14473,,,0,上海,公办,0,0
黑龙江,2025,物理类,本科批,1473,上海对外经贸大学,（002）,首选物理，再选不限,533,12977,,,0,上海,公办,0,0
黑龙江,2025,物理类,本科批,1475,上海体育大学,（001）,首选物理，再选化学,548,17306,,,0,上海,公办,0,0
黑龙江,2025,物理类,本科批,1477,上海第二工业大学,（001）,首选物理，再选化学,528,20638,,,0,上海,公办,0,0
黑龙江,2025,物理类,本科批,1479,上海健康医学院,,首选物理，再选化学,465,41266,,,0,上海,公办,0,0
黑龙江,2025,物理类,本科批,1482,上海立信会计金融学院,（002）,首选物理，再选不限,521,15759,,,0,上海,公办,0,0
黑龙江,2025,物理类,本科批,1482,上海立信会计金融学院,（003）,首选物理，再选化学,530,22130,,,0,上海,公办,0,0
黑龙江,2025,物理类,本科批,1484,上海政法学院,（002）,首选物理，再选不限,550,8893,,,0,上海,公办,0,0
黑龙江,2025,物理类,本科批,1485,上海商学院,（002）,首选物理，再选不限,468,34920,,,0,上海,公办,0,0
黑龙江,2025,物理类,本科批,1485,上海商学院,（003）,首选物理，再选化学,474,41266,,,0,上海,公办,0,0
黑龙江,2025,物理类,本科批,1515,南京理工大学,（004）,首选物理，再选化学,608,3537,,,0,江苏,公办,0,1
黑龙江,2025,物理类,本科批,1518,江南大学,,首选物理，再选不限,576,6823,,,12,江苏,公办,0,1
黑龙江,2025,物理类,本科批,1518,江南大学,,首选物理，再选化学,577,4792,,,64,江苏,公办,0,1
黑龙江,2025,物理类,本科批,1518,江南大学,（024）,首选物理，再选生物,511,28158,,,2,江苏,公办,0,1
黑龙江,2025,物理类,本科批,1521,南京师范大学,,首选物理，再选不限,569,9334,,,0,江苏,公办,0,1
黑龙江,2025,物理类,本科批,1521,南京师范大学,,首选物理，再选化学,399,6822,,,0,江苏,公办,0,1
黑龙江,2025,物理类,本科批,1521,南京师范大学,（008）,首选物理，再选地理,583,9114,,,0,江苏,公办,0,1
黑龙江,2025,物理类,本科批,1522,南京邮电大学,（001）,首选物理，再选化学,592,4414,,,59,江苏,公办,0,0
黑龙江,2025,物理类,本科批,1524,南京信息工程大学,,首选物理，再选化学,582,7345,,,47,江苏,公办,0,0
黑龙江,2025,物理类,本科批,1529,江苏科技大学,（003）,首选物理，再选不限,506,28157,,,8,江苏,公办,0,0
黑龙江,2025,物理类,本科批,1529,江苏科技大学,,首选物理，再选化学,507,8497,,,53,江苏,公办,0,0
黑龙江,2025,物理类,本科批,1530,南京工业大学,（004）,首选物理，再选不限,556,15250,,,2,江苏,公办,0,0
黑龙江,2025,物理类,本科批,1530,南京工业大学,（005）,首选物理，再选化学,543,10983,,,54,江苏,公办,0,0
黑龙江,2025,物理类,本科批,1531,常州大学,（002）,首选物理，再选化学,510,21497,,,37,江苏,公办,0,0
黑龙江,2025,物理类,本科批,1532,江苏大学,（002）,首选物理，再选不限,505,12290,,,6,江苏,公办,0,0
黑龙江,2025,物理类,本科批,1532,江苏大学,,首选物理，再选化学,363,8689,,,46,江苏,公办,0,0
黑龙江,2025,物理类,本科批,1537,苏州科技大学,（003）,首选物理，再选不限,527,23358,,,0,江苏,公办,0,0
黑龙江,2025,物理类,本科批,1537,苏州科技大学,（004）,首选物理，再选化学,510,20340,,,0,江苏,公办,0,0
黑龙江,2025,物理类,本科批,1539,扬州大学,（005）,首选物理，再选化学,522,12510,,,14,江苏,公办,0,0
黑龙江,2025,物理类,本科批,1542,西交利物浦大学,（002）,首选物理，再选不限,518,26183,,,48,江苏,中外合作办学,0,0
黑龙江,2025,物理类,本科批,1542,西交利物浦大学,（003）,首选物理，再选化学,510,28814,,,171,江苏,中外合作办学,0,0
黑龙江,2025,物理类,本科批,1545,淮阴师范学院,（002）,首选物理，再选化学,428,55356,,,0,江苏,公办,0,0
黑龙江,2025,物理类,本科批,1551,金陵科技学院,（002）,首选物理，再选化学,468,29150,,,6,江苏,公办,0,0
黑龙江,2025,物理类,本科批,1553,徐州工程学院,（002）,首选物理，再选化学,480,32879,,,0,江苏,公办,0,0
黑龙江,2025,物理类,本科批,1554,常州工学院,（001）,首选物理，再选化学,482,36686,,,10,江苏,公办,0,0
黑龙江,2025,物理类,本科批,1555,南京工程学院,（002）,首选物理，再选化学,544,11828,,,0,江苏,公办,0,0
黑龙江,2025,物理类,本科批,1559,南京特殊教育师范学院,（002）,首选物理，再选不限,468,26854,,,4,江苏,公办,0,0
黑龙江,2025,物理类,本科批,1559,南京特殊教育师范学院,（003）,首选物理，再选化学,448,50394,,,6,江苏,公办,0,0
黑龙江,2025,物理类,本科批,1594,宁波大学,,首选物理，再选化学,551,10565,,,0,浙江,公办,0,0
黑龙江,2025,物理类,本科批,1597,浙江工业大学,,首选物理，再选化学,474,7531,,,40,浙江,公办,0,0
黑龙江,2025,物理类,本科批,1598,浙江理工大学,（001）,首选物理，再选不限,544,18397,,,0,浙江,公办,0,0
黑龙江,2025,物理类,本科批,1598,浙江理工大学,（002）,首选物理，再选化学,516,21797,,,0,浙江,公办,0,0
黑龙江,2025,物理类,本科批,1599,浙江海洋大学,,首选物理，再选化学,486,30143,,,30,浙江,公办,0,0
黑龙江,2025,物理类,本科批,1600,浙江农林大学,（002）,首选物理，再选化学,492,22130,,,15,浙江,公办,0,0
黑龙江,2025,物理类,本科批,1601,温州医科大学,,首选物理，再选化学,535,8497,,,0,浙江,公办,0,0
黑龙江,2025,物理类,本科批,1602,浙江中医药大学,,首选物理，再选化学,489,9509,,,19,浙江,公办,0,0
黑龙江,2025,物理类,本科批,1603,浙江师范大学,（002）,首选物理，再选不限,532,21797,,,4,浙江,公办,0,0
黑龙江,2025,物理类,本科批,1603,浙江师范大学,,首选物理，再选化学,507,11200,,,38,浙江,公办,0,0
黑龙江,2025,物理类,本科批,1603,浙江师范大学,（003）,首选物理，再选地理,406,67363,,,2,浙江,公办,0,0
黑龙江,2025,物理类,本科批,1604,杭州师范大学,,首选物理，再选化学,511,22442,,,34,浙江,公办,0,0
黑龙江,2025,物理类,本科批,1605,温州大学,（002）,首选物理，再选不限,476,32879,,,0,浙江,公办,0,0
黑龙江,2025,物理类,本科批,1605,温州大学,（003）,首选物理，再选化学,527,16024,,,0,浙江,公办,0,0
黑龙江,2025,物理类,本科批,1606,浙江工商大学,（002）,首选物理，再选不限,531,16566,,,3,浙江,公办,0,0
黑龙江,2025,物理类,本科批,1606,浙江工商大学,（003）,首选物理，再选化学,586,8497,,,2,浙江,公办,0,0
黑龙江,2025,物理类,本科批,1607,中国计量大学,,首选物理，再选不限,552,12290,,,6,浙江,公办,0,0
黑龙江,2025,物理类,本科批,1607,中国计量大学,,首选物理，再选化学,543,9114,,,48,浙江,公办,0,0
黑龙江,2025,物理类,本科批,1612,湖州师范学院,（002）,首选物理，再选化学,443,50020,,,8,浙江,公办,0,0
黑龙江,2025,物理类,本科批,1613,绍兴文理学院,（001）,首选物理，再选化学,461,45980,,,5,浙江,公办,0,0
黑龙江,2025,物理类,本科批,1616,嘉兴大学,（001）,首选物理，再选化学,513,23694,,,0,浙江,公办,0,0
黑龙江,2025,物理类,本科批,1617,浙江万里学院,（002）,首选物理，再选不限,494,34234,,,0,浙江,公办,0,0
黑龙江,2025,物理类,本科批,1617,浙江万里学院,（003）,首选物理，再选化学,477,34234,,,0,浙江,公办,0,0
黑龙江,2025,物理类,本科批,1618,浙江科技大学,（002）,首选物理，再选不限,505,30478,,,3,浙江,公办,0,0
黑龙江,2025,物理类,本科批,1618,浙江科技大学,（003）,首选物理，再选化学,519,19785,,,21,浙江,公办,0,0
黑龙江,2025,物理类,本科批,1622,衢州学院,（001）,首选物理，再选不限,422,60870,,,4,浙江,公办,0,0
黑龙江,2025,物理类,本科批,1622,衢州学院,（002）,首选物理，再选化学,439,46345,,,19,浙江,公办,0,0
黑龙江,2025,物理类,本科批,1623,浙江传媒学院,,首选物理，再选不限,512,20638,,,0,浙江,公办,0,0
黑龙江,2025,物理类,本科批,1623,浙江传媒学院,,首选物理，再选化学,470,14473,,,0,浙江,公办,0,0
黑龙江,2025,物理类,本科批,1627,湖州学院,（001）,首选物理，再选化学,489,35295,,,13,浙江,公办,0,0
黑龙江,2025,物理类,本科批,1659,安徽农业大学,（001）,首选物理，再选化学,498,25891,,,20,安徽,公办,0,0
黑龙江,2025,物理类,本科批,1660,安徽医科大学,（001）,首选物理，再选化学,555,14739,,,5,安徽,公办,0,0
黑龙江,2025,物理类,本科批,1661,安徽中医药大学,（001）,首选物理，再选不限,515,27172,,,2,安徽,公办,0,0
黑龙江,2025,物理类,本科批,1661,安徽中医药大学,（002）,首选物理，再选化学,458,42270,,,8,安徽,公办,0,0
黑龙江,2025,物理类,本科批,1662,安徽师范大学,,首选物理，再选不限,448,38060,,,0,安徽,公办,0,0
黑龙江,2025,物理类,本科批,1662,安徽师范大学,（005）,首选物理，再选化学,398,31495,,,0,安徽,公办,0,0
黑龙江,2025,物理类,本科批,1662,安徽师范大学,（004）,首选物理，再选地理,518,26183,,,0,安徽,公办,0,0
黑龙江,2025,物理类,本科批,1664,安庆师范大学,（002）,首选物理，再选不限,463,45231,,,5,安徽,公办,0,0
黑龙江,2025,物理类,本科批,1664,安庆师范大学,（003）,首选物理，再选化学,480,39107,,,5,安徽,公办,0,0
黑龙江,2025,物理类,本科批,1666,安徽财经大学,（002）,首选物理，再选不限,473,20638,,,40,安徽,公办,0,0
黑龙江,2025,物理类,本科批,1669,皖南医学院,（001）,首选物理，再选化学,531,17306,,,8,安徽,公办,0,0
黑龙江,2025,物理类,本科批,1678,合肥大学,（002）,首选物理，再选不限,457,41927,,,0,安徽,公办,0,0
黑龙江,2025,物理类,本科批,1678,合肥大学,（003）,首选物理，再选化学,465,40193,,,0,安徽,公办,0,0
黑龙江,2025,物理类,本科批,1703,华侨大学,（004）,首选物理，再选不限,493,19785,,,0,福建,公办,0,0
黑龙江,2025,物理类,本科批,1703,华侨大学,,首选物理，再选化学,498,18106,,,0,福建,公办,0,0
黑龙江,2025,物理类,本科批,1716,三明学院,（002）,首选物理，再选不限,403,68605,,,3,福建,公办,0,0
黑龙江,2025,物理类,本科批,1716,三明学院,,首选物理，再选化学,386,47067,,,17,福建,公办,0,0
黑龙江,2025,物理类,本科批,1744,东华理工大学,（001）,首选物理，再选化学,477,17572,,,0,江西,公办,0,0
黑龙江,2025,物理类,本科批,1745,南昌航空大学,,首选物理，再选化学,549,11398,,,91,江西,公办,0,0
黑龙江,2025,物理类,本科批,1746,江西理工大学,,首选物理，再选化学,432,19785,,,34,江西,公办,0,0
黑龙江,2025,物理类,本科批,1748,江西农业大学,,首选物理，再选化学,461,28493,,,0,江西,公办,0,0
黑龙江,2025,物理类,本科批,1751,赣南师范大学,（002）,首选物理，再选化学,425,46345,,,14,江西,公办,0,0
黑龙江,2025,物理类,本科批,1756,宜春学院,（002）,首选物理，再选化学,405,66122,,,4,江西,公办,0,0
黑龙江,2025,物理类,本科批,1756,宜春学院,（003）,首选物理，再选化学、生物(2科必选),448,41266,,,3,江西,公办,0,0
黑龙江,2025,物理类,本科批,1760,江西水利电力大学,（002）,首选物理，再选不限,445,47868,,,0,江西,公办,0,0
黑龙江,2025,物理类,本科批,1760,江西水利电力大学,（003）,首选物理，再选化学,480,31162,,,0,江西,公办,0,0
黑龙江,2025,物理类,本科批,1760,江西水利电力大学,（004）,首选物理，再选生物,424,59710,,,0,江西,公办,0,0
黑龙江,2025,物理类,本科批,1762,新余学院,（003）,首选物理，再选化学,411,56882,,,6,江西,公办,0,0
黑龙江,2025,物理类,本科批,1763,九江学院,（002）,首选物理，再选不限,434,51159,,,0,江西,公办,0,0
黑龙江,2025,物理类,本科批,1763,九江学院,（003）,首选物理，再选化学,414,60506,,,0,江西,公办,0,0
黑龙江,2025,物理类,本科批,1765,赣南科技学院,（003）,首选物理，再选不限,411,65328,,,0,江西,公办,0,0
黑龙江,2025,物理类,本科批,1765,赣南科技学院,（004）,首选物理，再选化学,425,50020,,,0,江西,公办,0,0
黑龙江,2025,物理类,本科批,1766,南昌医学院,,首选物理，再选化学,475,14473,,,0,江西,公办,0,0
黑龙江,2025,物理类,本科批,1766,南昌医学院,,首选物理，再选生物,453,29150,,,0,江西,公办,0,0
黑龙江,2025,物理类,本科批,1791,山东大学,,首选物理，再选化学,575,2365,,,74,山东,公办,1,1
黑龙江,2025,物理类,本科批,1791,山东大学,（009）,首选物理，再选化学、生物(2科必选),630,2108,,,4,山东,公办,1,1
黑龙江,2025,物理类,本科批,1792,山东大学（威海）,（003）,首选物理，再选不限,605,5206,,,4,山东,公办,1,1
黑龙江,2025,物理类,本科批,1792,山东大学（威海）,（004）,首选物理，再选化学,611,4151,,,30,山东,公办,1,1
黑龙江,2025,物理类,本科批,1793,中国海洋大学,（005）,首选物理，再选不限,602,5669,,,0,山东,公办,1,1
黑龙江,2025,物理类,本科批,1793,中国海洋大学,,首选物理，再选化学,590,3653,,,0,山东,公办,1,1
黑龙江,2025,物理类,本科批,1794,中国石油大学（华东）,（003）,首选物理，再选不限,574,9509,,,0,山东,公办,0,1
黑龙江,2025,物理类,本科批,1794,中国石油大学（华东）,,首选物理，再选化学,517,5669,,,0,山东,公办,0,1
黑龙江,2025,物理类,本科批,1797,山东科技大学,,首选物理，再选不限,545,15503,,,8,山东,公办,0,0
黑龙江,2025,物理类,本科批,1797,山东科技大学,（004）,首选物理，再选化学,467,14739,,,68,山东,公办,0,0
黑龙江,2025,物理类,本科批,1798,青岛科技大学,,首选物理，再选化学,449,15759,,,72,山东,公办,0,0
黑龙江,2025,物理类,本科批,1799,济南大学,,首选物理，再选不限,498,28493,,,0,山东,公办,0,0
黑龙江,2025,物理类,本科批,1799,济南大学,（005）,首选物理，再选化学,516,18106,,,0,山东,公办,0,0
黑龙江,2025,物理类,本科批,1800,青岛理工大学,,首选物理，再选不限,455,27485,,,0,山东,公办,0,0
黑龙江,2025,物理类,本科批,1800,青岛理工大学,,首选物理，再选化学,409,11200,,,0,山东,公办,0,0
黑龙江,2025,物理类,本科批,1803,山东理工大学,（002）,首选物理，再选不限,528,23036,,,0,山东,公办,0,0
黑龙江,2025,物理类,本科批,1803,山东理工大学,（003）,首选物理，再选化学,485,29482,,,0,山东,公办,0,0
黑龙江,2025,物理类,本科批,1804,山东农业大学,（004）,首选物理，再选不限,447,43011,,,0,山东,公办,0,0
黑龙江,2025,物理类,本科批,1804,山东农业大学,（005）,首选物理，再选化学,440,31850,,,0,山东,公办,0,0
黑龙江,2025,物理类,本科批,1805,青岛农业大学,（002）,首选物理，再选化学,434,40911,,,62,山东,公办,0,0
黑龙江,2025,物理类,本科批,1806,山东第一医科大学,,首选物理，再选化学,461,9334,,,40,山东,公办,0,0
黑龙江,2025,物理类,本科批,1808,山东师范大学,,首选物理，再选不限,513,26527,,,0,山东,公办,0,0
黑龙江,2025,物理类,本科批,1808,山东师范大学,,首选物理，再选化学,399,16566,,,0,山东,公办,0,0
黑龙江,2025,物理类,本科批,1808,山东师范大学,（008）,首选物理，再选地理,542,18971,,,0,山东,公办,0,0
黑龙江,2025,物理类,本科批,1809,曲阜师范大学,（003）,首选物理，再选化学,490,22130,,,0,山东,公办,0,0
黑龙江,2025,物理类,本科批,1810,聊城大学,（002）,首选物理，再选化学,481,38757,,,0,山东,公办,0,0
黑龙江,2025,物理类,本科批,1810,聊城大学,（003）,首选物理，再选化学、生物(2科必选),461,45980,,,0,山东,公办,0,0
黑龙江,2025,物理类,本科批,1811,鲁东大学,（004）,首选物理，再选不限,445,51864,,,0,山东,公办,0,0
黑龙江,2025,物理类,本科批,1811,鲁东大学,,首选物理，再选化学,394,35295,,,0,山东,公办,0,0
黑龙江,2025,物理类,本科批,1812,临沂大学,,首选物理，再选化学,409,32203,,,0,山东,公办,0,0
黑龙江,2025,物理类,本科批,1813,山东财经大学,,首选物理，再选不限,509,12723,,,0,山东,公办,0,0
黑龙江,2025,物理类,本科批,1813,山东财经大学,（004）,首选物理，再选化学,531,19785,,,0,山东,公办,0,0
黑龙江,2025,物理类,本科批,1814,青岛大学,（003）,首选物理，再选不限,536,17040,,,0,山东,公办,0,0
黑龙江,2025,物理类,本科批,1814,青岛大学,,首选物理，再选化学,517,14206,,,0,山东,公办,0,0
黑龙江,2025,物理类,本科批,1814,青岛大学,（006）,首选物理，再选生物,514,27485,,,0,山东,公办,0,0
黑龙江,2025,物理类,本科批,1816,山东第二医科大学,（001）,首选物理，再选不限,476,40562,,,3,山东,公办,0,0
黑龙江,2025,物理类,本科批,1816,山东第二医科大学,（002）,首选物理，再选化学,470,16806,,,18,山东,公办,0,0
黑龙江,2025,物理类,本科批,1817,滨州医学院,,首选物理，再选不限,429,53422,,,0,山东,公办,0,0
黑龙江,2025,物理类,本科批,1817,滨州医学院,,首选物理，再选化学,449,15759,,,0,山东,公办,0,0
黑龙江,2025,物理类,本科批,1820,山东航空学院,（002）,首选物理，再选化学,504,30143,,,0,山东,公办,0,0
黑龙江,2025,物理类,本科批,1820,山东航空学院,（003）,首选物理，再选思想政治,495,33883,,,0,山东,公办,0,0
黑龙江,2025,物理类,本科批,1821,泰山学院,,首选物理，再选化学,405,42656,,,15,山东,公办,0,0
黑龙江,2025,物理类,本科批,1822,济宁学院,（002）,首选物理，再选化学,478,39823,,,0,山东,公办,0,0
黑龙江,2025,物理类,本科批,1826,枣庄学院,（001）,首选物理，再选化学,465,41266,,,10,山东,公办,0,0
黑龙江,2025,物理类,本科批,1830,山东交通学院,（003）,首选物理，再选不限,458,44131,,,6,山东,公办,0,0
黑龙江,2025,物理类,本科批,1830,山东交通学院,（004）,首选物理，再选化学,472,37360,,,20,山东,公办,0,0
黑龙江,2025,物理类,本科批,1831,山东工商学院,,首选物理，再选不限,379,29482,,,0,山东,公办,0,0
黑龙江,2025,物理类,本科批,1831,山东工商学院,（006）,首选物理，再选化学,465,30815,,,0,山东,公办,0,0
黑龙江,2025,物理类,本科批,1832,山东女子学院,,首选物理，再选不限,417,47483,,,5,山东,公办,0,0
黑龙江,2025,物理类,本科批,1832,山东女子学院,（011）,首选物理，再选化学,438,54591,,,2,山东,公办,0,0
黑龙江,2025,物理类,本科批,1833,山东石油化工学院,（003）,首选物理，再选不限,465,44500,,,6,山东,公办,0,0
黑龙江,2025,物理类,本科批,1833,山东石油化工学院,,首选物理，再选化学,465,35620,,,28,山东,公办,0,0
黑龙江,2025,物理类,本科批,1834,山东政法学院,（003）,首选物理，再选不限,517,22130,,,0,山东,公办,0,0
黑龙江,2025,物理类,本科批,1834,山东政法学院,（004）,首选物理，再选化学,505,28157,,,0,山东,公办,0,0
黑龙江,2025,物理类,本科批,1838,山东农业工程学院,（002）,首选物理，再选不限,418,58869,,,13,山东,公办,0,0
黑龙江,2025,物理类,本科批,1862,河南大学,,首选物理，再选不限,519,18971,,,0,河南,公办,0,0
黑龙江,2025,物理类,本科批,1862,河南大学,,首选物理，再选化学,491,13471,,,0,河南,公办,0,0
黑龙江,2025,物理类,本科批,1865,华北水利水电大学,（001）,首选物理，再选不限,367,82719,,,3,河南,公办,0,0
黑龙江,2025,物理类,本科批,1865,华北水利水电大学,,首选物理，再选化学,387,22130,,,62,河南,公办,0,0
黑龙江,2025,物理类,本科批,1866,河南理工大学,（003）,首选物理，再选不限,421,47867,,,4,河南,公办,0,0
黑龙江,2025,物理类,本科批,1866,河南理工大学,,首选物理，再选化学,406,18971,,,44,河南,公办,0,0
黑龙江,2025,物理类,本科批,1872,河南师范大学,,首选物理，再选化学,366,28814,,,0,河南,公办,0,0
黑龙江,2025,物理类,本科批,1872,河南师范大学,（004）,首选物理，再选地理,477,40193,,,0,河南,公办,0,0
黑龙江,2025,物理类,本科批,1874,河南财经政法大学,（002）,首选物理，再选不限,523,15250,,,5,河南,公办,0,0
黑龙江,2025,物理类,本科批,1874,河南财经政法大学,（003）,首选物理，再选化学,526,18397,,,3,河南,公办,0,0
黑龙江,2025,物理类,本科批,1875,中原工学院,（002）,首选物理，再选不限,432,56882,,,0,河南,公办,0,0
黑龙江,2025,物理类,本科批,1875,中原工学院,（003）,首选物理，再选化学,420,52639,,,0,河南,公办,0,0
黑龙江,2025,物理类,本科批,1875,中原工学院,（004）,首选物理，再选化学、生物(2科必选),417,62893,,,0,河南,公办,0,0
黑龙江,2025,物理类,本科批,1876,河南科技学院,（002）,首选物理，再选化学,411,61673,,,0,河南,公办,0,0
黑龙江,2025,物理类,本科批,1881,许昌学院,（004）,首选物理，再选化学,432,53422,,,12,河南,公办,0,0
黑龙江,2025,物理类,本科批,1881,许昌学院,（003）,首选物理，再选地理,400,69792,,,4,河南,公办,0,0
黑龙江,2025,物理类,本科批,1887,平顶山学院,（003）,首选物理，再选不限,403,66122,,,0,河南,公办,0,0
黑龙江,2025,物理类,本科批,1887,平顶山学院,（004）,首选物理，再选化学,457,47483,,,0,河南,公办,0,0
黑龙江,2025,物理类,本科批,1888,郑州工程技术学院,,首选物理，再选化学,402,65328,,,0,河南,公办,0,0
黑龙江,2025,物理类,本科批,1893,安阳工学院,（002）,首选物理，再选化学,404,52639,,,11,河南,公办,0,0
黑龙江,2025,物理类,本科批,1894,河南工程学院,（002）,首选物理，再选不限,420,54970,,,0,河南,公办,0,0
黑龙江,2025,物理类,本科批,1894,河南工程学院,（003）,首选物理，再选化学,411,45615,,,0,河南,公办,0,0
黑龙江,2025,物理类,本科批,1923,中国地质大学（武汉）,,首选物理，再选化学,559,6345,,,0,湖北,公办,0,1
黑龙江,2025,物理类,本科批,1924,武汉理工大学,,首选物理，再选化学,572,4925,,,0,湖北,公办,0,1
黑龙江,2025,物理类,本科批,1926,华中师范大学,（017）,首选物理，再选不限,501,31850,,,0,湖北,公办,0,1
黑龙江,2025,物理类,本科批,1926,华中师范大学,,首选物理，再选化学,598,5517,,,0,湖北,公办,0,1
黑龙江,2025,物理类,本科批,1931,武汉科技大学,（002）,首选物理，再选化学,576,10157,,,0,湖北,公办,0,0
黑龙江,2025,物理类,本科批,1935,武汉轻工大学,（001）,首选物理，再选化学,536,16024,,,0,湖北,公办,0,0
黑龙江,2025,物理类,本科批,1938,湖北大学,（004）,首选物理，再选化学,545,13716,,,0,湖北,公办,0,0
黑龙江,2025,物理类,本科批,1939,湖北师范大学,（004）,首选物理，再选化学,472,32203,,,0,湖北,公办,0,0
黑龙江,2025,物理类,本科批,1939,湖北师范大学,（003）,首选物理，再选地理,506,30143,,,0,湖北,公办,0,0
黑龙江,2025,物理类,本科批,1940,湖北民族大学,（005）,首选物理，再选不限,443,52639,,,0,湖北,公办,0,0
黑龙江,2025,物理类,本科批,1940,湖北民族大学,,首选物理，再选化学,456,40193,,,0,湖北,公办,0,0
黑龙江,2025,物理类,本科批,1945,湖北文理学院,（002）,首选物理，再选化学,457,38757,,,0,湖北,公办,0,0
黑龙江,2025,物理类,本科批,1948,湖北汽车工业学院,（001）,首选物理，再选化学,487,34920,,,0,湖北,公办,0,0
黑龙江,2025,物理类,本科批,1950,湖北理工学院,（002）,首选物理，再选不限,477,40193,,,0,湖北,公办,0,0
黑龙江,2025,物理类,本科批,1950,湖北理工学院,（003）,首选物理，再选化学,455,46345,,,0,湖北,公办,0,0
黑龙江,2025,物理类,本科批,1952,湖北医药学院,（001）,首选物理，再选化学,491,27830,,,0,湖北,公办,0,0
黑龙江,2025,物理类,本科批,1982,中南大学,（006）,首选物理，再选化学,615,2844,,,80,湖南,公办,1,1
黑龙江,2025,物理类,本科批,1982,中南大学,,首选物理，再选化学、生物(2科必选),600,592,,,13,湖南,公办,1,1
黑龙江,2025,物理类,本科批,1985,湘潭大学,（002）,首选物理，再选不限,493,19256,,,18,湖南,公办,0,0
黑龙江,2025,物理类,本科批,1985,湘潭大学,（003）,首选物理，再选化学,553,9509,,,33,湖南,公办,0,0
黑龙江,2025,物理类,本科批,1988,长沙理工大学,（002）,首选物理，再选不限,522,23036,,,0,湖南,公办,0,0
黑龙江,2025,物理类,本科批,1988,长沙理工大学,（003）,首选物理，再选化学,541,8893,,,0,湖南,公办,0,0
黑龙江,2025,物理类,本科批,1990,中南林业科技大学,（004）,首选物理，再选不限,452,49313,,,6,湖南,公办,0,0
黑龙江,2025,物理类,本科批,1990,中南林业科技大学,（005）,首选物理，再选化学,446,33556,,,66,湖南,公办,0,0
黑龙江,2025,物理类,本科批,1990,中南林业科技大学,（006）,首选物理，再选生物,460,46345,,,2,湖南,公办,0,0
黑龙江,2025,物理类,本科批,1993,南华大学,（002）,首选物理，再选不限,461,39823,,,0,湖南,公办,0,0
黑龙江,2025,物理类,本科批,1993,南华大学,（003）,首选物理，再选化学,403,11398,,,0,湖南,公办,0,0
黑龙江,2025,物理类,本科批,1994,湖南工业大学,（002）,首选物理，再选不限,432,39463,,,0,湖南,公办,0,0
黑龙江,2025,物理类,本科批,1994,湖南工业大学,（003）,首选物理，再选化学,402,20052,,,0,湖南,公办,0,0
黑龙江,2025,物理类,本科批,1996,湘南学院,,首选物理，再选化学,413,43784,,,12,湖南,公办,0,0
黑龙江,2025,物理类,本科批,1999,怀化学院,（002）,首选物理，再选化学,450,48596,,,0,湖南,公办,0,0
黑龙江,2025,物理类,本科批,2003,长沙学院,,首选物理，再选化学,473,35963,,,3,湖南,公办,0,0
黑龙江,2025,物理类,本科批,2035,华南农业大学,（001）,首选物理，再选化学,508,10983,,,80,广东,公办,0,0
黑龙江,2025,物理类,本科批,2036,广州医科大学,,首选物理，再选化学,514,5206,,,0,广东,公办,0,0
黑龙江,2025,物理类,本科批,2042,广东药科大学,,首选物理，再选化学,485,28157,,,0,广东,公办,0,0
黑龙江,2025,物理类,本科批,2044,深圳大学,,首选物理，再选不限,550,7903,,,8,广东,公办,0,0
黑龙江,2025,物理类,本科批,2044,深圳大学,（006）,首选物理，再选化学,595,2845,,,25,广东,公办,0,0
黑龙江,2025,物理类,本科批,2048,五邑大学,,首选物理，再选化学,487,26527,,,15,广东,公办,0,0
黑龙江,2025,物理类,本科批,2049,广东工业大学,（002）,首选物理，再选不限,535,15250,,,5,广东,公办,0,0
黑龙江,2025,物理类,本科批,2049,广东工业大学,（003）,首选物理，再选化学,568,7902,,,37,广东,公办,0,0
黑龙江,2025,物理类,本科批,2051,南方医科大学,（002）,首选物理，再选化学,438,5080,,,0,广东,公办,0,0
黑龙江,2025,物理类,本科批,2052,深圳技术大学,（002）,首选物理，再选化学,576,9334,,,11,广东,公办,0,0
黑龙江,2025,物理类,本科批,2060,韩山师范学院,,首选物理，再选化学,438,39823,,,0,广东,公办,0,0
黑龙江,2025,物理类,本科批,2071,广东石油化工学院,,首选物理，再选化学,445,39107,,,10,广东,公办,0,0
黑龙江,2025,物理类,本科批,2073,佛山大学,（001）,首选物理，再选化学,457,47067,,,10,广东,公办,0,0
黑龙江,2025,物理类,本科批,2078,肇庆医学院,（001）,首选物理，再选化学,429,55743,,,3,广东,公办,0,0
黑龙江,2025,物理类,本科批,2101,广西大学,（002）,首选物理，再选化学,528,8081,,,0,广西,公办,0,1
黑龙江,2025,物理类,本科批,2103,广西科技大学,（002）,首选物理，再选不限,423,57714,,,4,广西,公办,0,0
黑龙江,2025,物理类,本科批,2103,广西科技大学,,首选物理，再选化学,437,30143,,,15,广西,公办,0,0
黑龙江,2025,物理类,本科批,2103,广西科技大学,（006）,首选物理，再选化学、生物(2科必选),439,54207,,,2,广西,公办,0,0
黑龙江,2025,物理类,本科批,2104,桂林电子科技大学,（002）,首选物理，再选不限,388,45980,,,0,广西,公办,0,0
黑龙江,2025,物理类,本科批,2104,桂林电子科技大学,,首选物理，再选化学,531,9509,,,0,广西,公办,0,0
黑龙江,2025,物理类,本科批,2105,桂林理工大学,（003）,首选物理，再选不限,453,35620,,,0,广西,公办,0,0
黑龙江,2025,物理类,本科批,2105,桂林理工大学,,首选物理，再选化学,429,44500,,,0,广西,公办,0,0
黑龙江,2025,物理类,本科批,2106,广西医科大学,（004）,首选物理，再选化学,604,5362,,,0,广西,公办,0,0
黑龙江,2025,物理类,本科批,2108,广西师范大学,,首选物理，再选不限,417,47867,,,0,广西,公办,0,0
黑龙江,2025,物理类,本科批,2108,广西师范大学,（006）,首选物理，再选化学,428,36685,,,0,广西,公办,0,0
黑龙江,2025,物理类,本科批,2108,广西师范大学,（007）,首选物理，再选思想政治,483,38060,,,0,广西,公办,0,0
黑龙江,2025,物理类,本科批,2111,北部湾大学,,首选物理，再选化学,436,39107,,,0,广西,公办,0,0
黑龙江,2025,物理类,本科批,2113,右江民族医学院,（001）,首选物理，再选不限,394,72209,,,1,广西,公办,0,0
黑龙江,2025,物理类,本科批,2113,右江民族医学院,,首选物理，再选化学,450,35963,,,11,广西,公办,0,0
黑龙江,2025,物理类,本科批,2113,右江民族医学院,（005）,首选物理，再选生物,438,54591,,,1,广西,公办,0,0
黑龙江,2025,物理类,本科批,2114,桂林医科大学,,首选物理，再选化学,390,16024,,,0,广西,公办,0,0
黑龙江,2025,物理类,本科批,2117,玉林师范学院,（002）,首选物理，再选化学,389,74217,,,0,广西,公办,0,0
黑龙江,2025,物理类,本科批,2117,玉林师范学院,（003）,首选物理，再选化学、生物(2科必选),402,69004,,,0,广西,公办,0,0
黑龙江,2025,物理类,本科批,2119,百色学院,,首选物理，再选不限,399,67770,,,9,广西,公办,0,0
黑龙江,2025,物理类,本科批,2119,百色学院,（007）,首选物理，再选化学,401,68605,,,12,广西,公办,0,0
黑龙江,2025,物理类,本科批,2124,桂林航天工业学院,（001）,首选物理，再选化学,492,33556,,,0,广西,公办,0,0
黑龙江,2025,物理类,本科批,2126,贺州学院,（001）,首选物理，再选化学,416,57273,,,15,广西,公办,0,0
黑龙江,2025,物理类,本科批,2151,海南大学,,首选物理，再选不限,452,11398,,,0,海南,公办,0,1
黑龙江,2025,物理类,本科批,2151,海南大学,,首选物理，再选化学,531,9114,,,0,海南,公办,0,1
黑龙江,2025,物理类,本科批,2152,海南师范大学,（005）,首选物理，再选不限,452,36322,,,8,海南,公办,0,0
黑龙江,2025,物理类,本科批,2152,海南师范大学,（006）,首选物理，再选化学,504,26527,,,13,海南,公办,0,0
黑龙江,2025,物理类,本科批,2152,海南师范大学,（007）,首选物理，再选化学、生物(2科必选),522,24920,,,3,海南,公办,0,0
黑龙江,2025,物理类,本科批,2154,海南热带海洋学院,（003）,首选物理，再选化学,420,49313,,,0,海南,公办,0,0
黑龙江,2025,物理类,本科批,2155,海南医科大学,,首选物理，再选化学,452,14998,,,0,海南,公办,0,0
黑龙江,2025,物理类,本科批,2156,琼台师范学院,（006）,首选物理，再选不限,422,50020,,,0,海南,公办,0,0
黑龙江,2025,物理类,本科批,2156,琼台师范学院,（007）,首选物理，再选化学,473,41595,,,0,海南,公办,0,0
黑龙江,2025,物理类,本科批,2178,重庆医科大学,,首选物理，再选化学,505,5517,,,0,重庆,公办,0,0
黑龙江,2025,物理类,本科批,2179,重庆师范大学,（002）,首选物理，再选化学,573,11200,,,0,重庆,公办,0,0
黑龙江,2025,物理类,本科批,2180,四川外国语大学,,首选物理，再选不限,485,10984,,,0,重庆,公办,0,0
黑龙江,2025,物理类,本科批,2182,重庆理工大学,（001）,首选物理，再选不限,510,27485,,,5,重庆,公办,0,0
黑龙江,2025,物理类,本科批,2183,重庆工商大学,,首选物理，再选不限,423,24322,,,0,重庆,公办,0,0
黑龙江,2025,物理类,本科批,2188,重庆科技大学,（002）,首选物理，再选不限,490,35620,,,2,重庆,公办,0,0
黑龙江,2025,物理类,本科批,2188,重庆科技大学,（003）,首选物理，再选化学,499,30143,,,38,重庆,公办,0,0
黑龙江,2025,物理类,本科批,2191,重庆中医药学院,（002）,首选物理，再选不限,532,20638,,,6,重庆,公办,0,0
黑龙江,2025,物理类,本科批,2217,西南石油大学,,首选物理，再选化学,551,10347,,,0,四川,公办,0,0
黑龙江,2025,物理类,本科批,2219,成都中医药大学,（001）,首选物理，再选不限,572,10983,,,0,四川,公办,0,0
黑龙江,2025,物理类,本科批,2219,成都中医药大学,,首选物理，再选化学,511,13977,,,0,四川,公办,0,0
黑龙江,2025,物理类,本科批,2220,中国民用航空飞行学院,（004）,首选物理，再选不限,478,27172,,,16,四川,公办,0,0
黑龙江,2025,物理类,本科批,2220,中国民用航空飞行学院,,首选物理，再选化学,525,16024,,,133,四川,公办,0,0
黑龙江,2025,物理类,本科批,2220,中国民用航空飞行学院,（006）,首选物理，再选思想政治,475,40911,,,2,四川,公办,0,0
黑龙江,2025,物理类,本科批,2221,西南民族大学,（004）,首选物理，再选不限,494,31850,,,12,四川,公办,0,0
黑龙江,2025,物理类,本科批,2221,西南民族大学,（005）,首选物理，再选化学,493,22130,,,55,四川,公办,0,0
黑龙江,2025,物理类,本科批,2227,西南医科大学,,首选物理，再选化学,517,11828,,,0,四川,公办,0,0
黑龙江,2025,物理类,本科批,2228,四川师范大学,（006）,首选物理，再选不限,477,40193,,,0,四川,公办,0,0
黑龙江,2025,物理类,本科批,2229,西华师范大学,（002）,首选物理，再选化学,422,58069,,,0,四川,公办,0,0
黑龙江,2025,物理类,本科批,2233,川北医学院,,首选物理，再选化学,456,15250,,,0,四川,公办,0,0
黑龙江,2025,物理类,本科批,2234,绵阳师范学院,（002）,首选物理，再选化学,482,38402,,,0,四川,公办,0,0
黑龙江,2025,物理类,本科批,2243,攀枝花学院,（002）,首选物理，再选化学,456,47867,,,5,四川,公办,0,0
黑龙江,2025,物理类,本科批,2244,四川旅游学院,（002）,首选物理，再选不限,467,43784,,,2,四川,公办,0,0
黑龙江,2025,物理类,本科批,2244,四川旅游学院,,首选物理，再选化学,398,55356,,,6,四川,公办,0,0
黑龙江,2025,物理类,本科批,2271,贵州大学,,首选物理，再选不限,408,23036,,,0,贵州,公办,0,1
黑龙江,2025,物理类,本科批,2271,贵州大学,,首选物理，再选化学,490,7712,,,0,贵州,公办,0,1
黑龙江,2025,物理类,本科批,2271,贵州大学,（014）,首选物理，再选思想政治,534,21238,,,0,贵州,公办,0,1
黑龙江,2025,物理类,本科批,2273,遵义医科大学,,首选物理，再选化学,560,12066,,,10,贵州,公办,0,0
黑龙江,2025,物理类,本科批,2276,贵州财经大学,,首选物理，再选不限,400,30815,,,0,贵州,公办,0,0
黑龙江,2025,物理类,本科批,2282,安顺学院,（002）,首选物理，再选不限,423,60506,,,1,贵州,公办,0,0
黑龙江,2025,物理类,本科批,2282,安顺学院,（004）,首选物理，再选化学,413,56148,,,4,贵州,公办,0,0
黑龙江,2025,物理类,本科批,2282,安顺学院,（003）,首选物理，再选地理,392,72994,,,1,贵州,公办,0,0
黑龙江,2025,物理类,本科批,2291,贵州理工学院,,首选物理，再选化学,451,42270,,,8,贵州,公办,0,0
黑龙江,2025,物理类,本科批,2312,昆明理工大学,（001）,首选物理，再选不限,471,31850,,,0,云南,公办,0,0
黑龙江,2025,物理类,本科批,2312,昆明理工大学,（002）,首选物理，再选化学,486,16566,,,0,云南,公办,0,0
黑龙江,2025,物理类,本科批,2312,昆明理工大学,（003）,首选物理，再选化学、生物(2科必选),553,16024,,,0,云南,公办,0,0
黑龙江,2025,物理类,本科批,2313,云南农业大学,（004）,首选物理，再选化学,469,40193,,,8,云南,公办,0,0
黑龙江,2025,物理类,本科批,2314,西南林业大学,（001）,首选物理，再选不限,498,32879,,,0,云南,公办,0,0
黑龙江,2025,物理类,本科批,2314,西南林业大学,,首选物理，再选化学,430,31495,,,0,云南,公办,0,0
黑龙江,2025,物理类,本科批,2314,西南林业大学,（004）,首选物理，再选生物,475,40911,,,0,云南,公办,0,0
黑龙江,2025,物理类,本科批,2315,昆明医科大学,,首选物理，再选化学,471,14206,,,0,云南,公办,0,0
黑龙江,2025,物理类,本科批,2316,大理大学,,首选物理，再选化学,436,26528,,,24,云南,公办,0,0
黑龙江,2025,物理类,本科批,2317,云南中医药大学,,首选物理，再选不限,521,24321,,,2,云南,公办,0,0
黑龙江,2025,物理类,本科批,2317,云南中医药大学,,首选物理，再选化学,468,30478,,,4,云南,公办,0,0
黑龙江,2025,物理类,本科批,2320,云南民族大学,（003）,首选物理，再选化学,503,31161,,,0,云南,公办,0,0
黑龙江,2025,物理类,本科批,2328,玉溪师范学院,（002）,首选物理，再选不限,404,68163,,,2,云南,公办,0,0
黑龙江,2025,物理类,本科批,2328,玉溪师范学院,（003）,首选物理，再选化学,409,63298,,,4,云南,公办,0,0
黑龙江,2025,物理类,本科批,2331,昆明学院,（002）,首选物理，再选不限,435,54591,,,4,云南,公办,0,0
黑龙江,2025,物理类,本科批,2331,昆明学院,（003）,首选物理，再选化学,460,46345,,,2,云南,公办,0,0
黑龙江,2025,物理类,本科批,2361,西安交通大学,（004）,首选物理，再选不限,626,2641,,,0,陕西,公办,1,1
黑龙江,2025,物理类,本科批,2361,西安交通大学,,首选物理，再选化学,596,622,,,0,陕西,公办,1,1
黑龙江,2025,物理类,本科批,2381,延安大学,（002）,首选物理，再选不限,472,41927,,,2,陕西,公办,0,0
黑龙江,2025,物理类,本科批,2381,延安大学,（003）,首选物理，再选化学,478,39107,,,4,陕西,公办,0,0
黑龙江,2025,物理类,本科批,2381,延安大学,（004）,首选物理，再选化学、生物(2科必选),457,47483,,,2,陕西,公办,0,0
黑龙江,2025,物理类,本科批,2382,陕西理工大学,（002）,首选物理，再选不限,372,64096,,,0,陕西,公办,0,0
黑龙江,2025,物理类,本科批,2382,陕西理工大学,（003）,首选物理，再选化学,429,43011,,,0,陕西,公办,0,0
黑龙江,2025,物理类,本科批,2384,西北政法大学,（002）,首选物理，再选不限,586,6822,,,0,陕西,公办,0,0
黑龙江,2025,物理类,本科批,2387,宝鸡文理学院,（002）,首选物理，再选化学,465,43784,,,4,陕西,公办,0,0
黑龙江,2025,物理类,本科批,2388,咸阳师范学院,（002）,首选物理，再选化学,463,45231,,,2,陕西,公办,0,0
黑龙江,2025,物理类,本科批,2389,渭南师范学院,（002）,首选物理，再选化学,451,49672,,,6,陕西,公办,0,0
黑龙江,2025,物理类,本科批,2394,榆林学院,,首选物理，再选化学,416,53055,,,0,陕西,公办,0,0
黑龙江,2025,物理类,本科批,2396,安康学院,（002）,首选物理，再选生物,404,68163,,,4,陕西,公办,0,0
黑龙江,2025,物理类,本科批,2397,西安航空学院,（001）,首选物理，再选化学,492,31495,,,0,陕西,公办,0,0
黑龙江,2025,物理类,本科批,2421,兰州大学,（005）,首选物理，再选不限,588,7902,,,6,甘肃,公办,1,1
黑龙江,2025,物理类,本科批,2421,兰州大学,,首选物理，再选化学,562,3304,,,48,甘肃,公办,1,1
黑龙江,2025,物理类,本科批,2427,西北师范大学,（003）,首选物理，再选不限,405,39463,,,0,甘肃,公办,0,0
黑龙江,2025,物理类,本科批,2427,西北师范大学,（004）,首选物理，再选化学,506,24920,,,0,甘肃,公办,0,0
黑龙江,2025,物理类,本科批,2428,兰州财经大学,（002）,首选物理，再选不限,426,36322,,,0,甘肃,公办,0,0
黑龙江,2025,物理类,本科批,2428,兰州财经大学,（003）,首选物理，再选化学,465,41266,,,0,甘肃,公办,0,0
黑龙江,2025,物理类,本科批,2429,甘肃政法大学,（003）,首选物理，再选不限,452,14473,,,0,甘肃,公办,0,0
黑龙江,2025,物理类,本科批,2430,兰州资源环境职业技术大学,（001）,首选物理，再选不限,448,50020,,,0,甘肃,公办,0,0
黑龙江,2025,物理类,本科批,2434,天水师范大学,（002）,首选物理，再选化学,452,49313,,,0,甘肃,公办,0,0
黑龙江,2025,物理类,本科批,2434,天水师范大学,（003）,首选物理，再选化学、生物(2科必选),436,55356,,,0,甘肃,公办,0,0
黑龙江,2025,物理类,本科批,2461,青海大学,（001）,首选物理，再选不限,547,17572,,,0,青海,公办,0,1
黑龙江,2025,物理类,本科批,2461,青海大学,（002）,首选物理，再选化学,524,8689,,,0,青海,公办,0,1
黑龙江,2025,物理类,本科批,2461,青海大学,（003）,首选物理，再选化学、生物(2科必选),575,10772,,,0,青海,公办,0,1
黑龙江,2025,物理类,本科批,2471,宁夏大学,（003）,首选物理，再选不限,516,26854,,,0,宁夏,公办,0,1
黑龙江,2025,物理类,本科批,2471,宁夏大学,,首选物理，再选化学,488,12723,,,0,宁夏,公办,0,1
黑龙江,2025,物理类,本科批,2472,北方民族大学,（003）,首选物理，再选不限,365,54591,,,0,宁夏,公办,0,0
黑龙江,2025,物理类,本科批,2472,北方民族大学,,首选物理，再选化学,413,44500,,,0,宁夏,公办,0,0
黑龙江,2025,物理类,本科批,2472,北方民族大学,（006）,首选物理，再选思想政治,451,49672,,,0,宁夏,公办,0,0
黑龙江,2025,物理类,本科批,2481,新疆大学,（003）,首选物理，再选不限,492,16298,,,0,新疆,公办,0,1
黑龙江,2025,物理类,本科批,2481,新疆大学,（004）,首选物理，再选化学,468,26854,,,0,新疆,公办,0,1
黑龙江,2025,物理类,本科批,2482,石河子大学,（001）,首选物理，再选不限,480,27172,,,20,新疆,公办,0,1
黑龙江,2025,物理类,本科批,2482,石河子大学,,首选物理，再选化学,442,18971,,,72,新疆,公办,0,1
黑龙江,2025,物理类,本科批,2487,喀什大学,（004）,首选物理，再选不限,390,51864,,,18,新疆,公办,0,0
黑龙江,2025,物理类,本科批,2487,喀什大学,（005）,首选物理，再选化学,393,64900,,,44,新疆,公办,0,0
黑龙江,2025,物理类,本科批,2487,喀什大学,（007）,首选物理，再选思想政治,400,69792,,,3,新疆,公办,0,0
黑龙江,2025,物理类,本科批,2487,喀什大学,（006）,首选物理，再选生物,431,57273,,,3,新疆,公办,0,0
黑龙江,2025,物理类,本科批,3022,天津外国语大学滨海外事学院,（002）,首选物理，再选不限,380,70605,,,0,天津,民办,0,0
黑龙江,2025,物理类,本科批,3024,天津商业大学宝德学院,,首选物理，再选不限,387,48936,,,0,天津,民办,0,0
黑龙江,2025,物理类,本科批,3025,天津医科大学临床医学院,,首选物理，再选化学,424,55743,,,0,天津,民办,0,0
黑龙江,2025,物理类,本科批,3025,天津医科大学临床医学院,,首选物理，再选化学、生物(2科必选),472,31850,,,0,天津,民办,0,0
黑龙江,2025,物理类,本科批,3062,石家庄铁道大学四方学院,（002）,首选物理，再选不限,410,65717,,,3,河北,民办,0,0
黑龙江,2025,物理类,本科批,3062,石家庄铁道大学四方学院,（003）,首选物理，再选化学,400,55356,,,29,河北,民办,0,0
黑龙江,2025,物理类,本科批,3098,运城职业技术大学,（002）,首选物理，再选不限,373,67770,,,27,山西,民办,0,0
黑龙江,2025,物理类,本科批,3128,大连科技学院,（003）,首选物理，再选不限,367,76540,,,0,辽宁,民办,0,0
黑龙江,2025,物理类,本科批,3128,大连科技学院,（004）,首选物理，再选化学,365,70605,,,0,辽宁,民办,0,0
黑龙江,2025,物理类,本科批,3137,大连艺术学院,（002）,首选物理，再选不限,340,80466,,,0,辽宁,民办,0,0
黑龙江,2025,物理类,本科批,3137,大连艺术学院,（003）,首选物理，再选化学,347,89886,,,0,辽宁,民办,0,0
黑龙江,2025,物理类,本科批,3141,大连东软信息学院,,首选物理，再选不限,351,77329,,,0,辽宁,民办,0,0
黑龙江,2025,物理类,本科批,3141,大连东软信息学院,（004）,首选物理，再选化学,381,60870,,,0,辽宁,民办,0,0
黑龙江,2025,物理类,本科批,3161,吉林外国语大学,,首选物理，再选不限,351,67363,,,0,吉林,民办,0,0
黑龙江,2025,物理类,本科批,3161,吉林外国语大学,（008）,首选物理，再选化学,390,70605,,,0,吉林,民办,0,0
黑龙江,2025,物理类,本科批,3162,长春光华学院,（002）,首选物理，再选不限,363,75357,,,0,吉林,民办,0,0
黑龙江,2025,物理类,本科批,3162,长春光华学院,（003）,首选物理，再选化学,371,75007,,,0,吉林,民办,0,0
黑龙江,2025,物理类,本科批,3167,长春建筑学院,（002）,首选物理，再选不限,342,77329,,,0,吉林,民办,0,0
黑龙江,2025,物理类,本科批,3167,长春建筑学院,（003）,首选物理，再选化学,340,73796,,,0,吉林,民办,0,0
黑龙江,2025,物理类,本科批,3168,长春科技学院,（003）,首选物理，再选不限,361,79727,,,0,吉林,民办,0,0
黑龙江,2025,物理类,本科批,3168,长春科技学院,（004）,首选物理，再选化学,372,75007,,,0,吉林,民办,0,0
黑龙江,2025,物理类,本科批,3168,长春科技学院,（005）,首选物理，再选生物,396,71394,,,0,吉林,民办,0,0
黑龙江,2025,物理类,本科批,3169,吉林动画学院,（002）,首选物理，再选不限,360,85313,,,0,吉林,民办,0,0
黑龙江,2025,物理类,本科批,3169,吉林动画学院,（003）,首选物理，再选化学,363,76540,,,0,吉林,民办,0,0
黑龙江,2025,物理类,本科批,3171,长春大学旅游学院,,首选物理，再选不限,341,85669,,,0,吉林,民办,0,0
黑龙江,2025,物理类,本科批,3171,长春大学旅游学院,（005）,首选物理，再选化学,330,79727,,,0,吉林,民办,0,0
黑龙江,2025,物理类,本科批,3172,长春人文学院,,首选物理，再选不限,344,76541,,,0,吉林,民办,0,0
黑龙江,2025,物理类,本科批,3172,长春人文学院,（006）,首选物理，再选化学,346,73397,,,0,吉林,民办,0,0
黑龙江,2025,物理类,本科批,3221,上海杉达学院,（002）,首选物理，再选化学,435,51159,,,0,上海,民办,0,0
黑龙江,2025,物理类,本科批,3253,东南大学成贤学院,（002）,首选物理，再选不限,400,69792,,,0,江苏,民办,0,0
黑龙江,2025,物理类,本科批,3253,东南大学成贤学院,（003）,首选物理，再选化学,361,27485,,,0,江苏,民办,0,0
黑龙江,2025,物理类,本科批,3258,南京传媒学院,（002）,首选物理，再选不限,410,58869,,,0,江苏,民办,0,0
黑龙江,2025,物理类,本科批,3258,南京传媒学院,（003）,首选物理，再选化学,403,58069,,,0,江苏,民办,0,0
黑龙江,2025,物理类,本科批,3335,蚌埠工商学院,（001）,首选物理，再选不限,401,67770,,,0,安徽,民办,0,0
黑龙江,2025,物理类,本科批,3339,合肥城市学院,（002）,首选物理，再选不限,344,90907,,,0,安徽,民办,0,0
黑龙江,2025,物理类,本科批,3339,合肥城市学院,（003）,首选物理，再选化学,341,86385,,,0,安徽,民办,0,0
黑龙江,2025,物理类,本科批,3367,厦门工学院,（002）,首选物理，再选不限,345,80081,,,14,福建,民办,0,0
黑龙江,2025,物理类,本科批,3367,厦门工学院,（003）,首选物理，再选化学,337,82348,,,19,福建,民办,0,0
黑龙江,2025,物理类,本科批,3370,福州大学至诚学院,（002）,首选物理，再选化学,384,64470,,,9,福建,民办,0,0
黑龙江,2025,物理类,本科批,3400,南昌交通学院,（003）,首选物理，再选化学,371,74641,,,0,江西,民办,0,0
黑龙江,2025,物理类,本科批,3421,齐鲁医药学院,,首选物理，再选化学,397,38402,,,0,山东,民办,0,0
黑龙江,2025,物理类,本科批,3466,商丘工学院,（001）,首选物理，再选化学,393,72617,,,5,河南,民办,0,0
黑龙江,2025,物理类,本科批,3512,武汉工程大学邮电与信息工程学院,（001）,首选物理，再选化学,376,75755,,,0,湖北,民办,0,0
黑龙江,2025,物理类,本科批,3515,武汉工商学院,（002）,首选物理，再选不限,390,73796,,,0,湖北,民办,0,0
黑龙江,2025,物理类,本科批,3515,武汉工商学院,（003）,首选物理，再选化学,405,67770,,,0,湖北,民办,0,0
黑龙江,2025,物理类,本科批,3596,广州软件学院,,首选物理，再选化学,372,75755,,,0,广东,民办,0,0
黑龙江,2025,物理类,本科批,3637,广西中医药大学赛恩斯新医药学院,（001）,首选物理，再选不限,440,53055,,,0,广西,民办,0,0
黑龙江,2025,物理类,本科批,3637,广西中医药大学赛恩斯新医药学院,（002）,首选物理，再选化学,405,59709,,,0,广西,民办,0,0
黑龙江,2025,物理类,本科批,3682,重庆工程学院,（002）,首选物理，再选不限,399,70212,,,0,重庆,民办,0,0
黑龙江,2025,物理类,本科批,3682,重庆工程学院,,首选物理，再选化学,399,62893,,,0,重庆,民办,0,0
黑龙江,2025,物理类,本科批,3687,重庆财经学院,（002）,首选物理，再选不限,451,47067,,,0,重庆,民办,0,0
黑龙江,2025,物理类,本科批,3687,重庆财经学院,（003）,首选物理，再选化学,444,52234,,,0,重庆,民办,0,0
黑龙江,2025,物理类,本科批,3689,重庆移通学院,（002）,首选物理，再选化学,413,60870,,,0,重庆,民办,0,0
黑龙江,2025,物理类,本科批,3701,成都东软学院,（002）,首选物理，再选化学,392,62502,,,0,四川,民办,0,0
黑龙江,2025,物理类,本科批,3707,成都银杏酒店管理学院,（002）,首选物理，再选不限,360,75007,,,0,四川,民办,0,0
黑龙江,2025,物理类,本科批,3707,成都银杏酒店管理学院,（003）,首选物理，再选生物,367,82719,,,0,四川,民办,0,0
黑龙江,2025,物理类,本科批,3712,成都锦城学院,（002）,首选物理，再选不限,426,54591,,,0,四川,民办,0,0
黑龙江,2025,物理类,本科批,3712,成都锦城学院,（003）,首选物理，再选化学,384,72209,,,0,四川,民办,0,0
黑龙江,2025,物理类,本科批,3713,西南财经大学天府学院,,首选物理，再选不限,402,65328,,,0,四川,民办,0,0
黑龙江,2025,物理类,本科批,3713,西南财经大学天府学院,,首选物理，再选化学,396,64096,,,0,四川,民办,0,0
黑龙江,2025,物理类,本科批,3762,滇池学院,（002）,首选物理，再选不限,380,76540,,,4,云南,民办,0,0
黑龙江,2025,物理类,本科批,3762,滇池学院,（003）,首选物理，再选化学,356,79727,,,5,云南,民办,0,0
黑龙江,2025,物理类,本科批,3765,昆明医科大学海源学院,（002）,首选物理，再选化学,364,75357,,,0,云南,民办,0,0
黑龙江,2025,物理类,本科批,3795,西京学院,（002）,首选物理，再选不限,374,76944,,,8,陕西,民办,0,0
黑龙江,2025,物理类,本科批,3799,西安交通工程学院,,首选物理，再选不限,347,80466,,,0,陕西,民办,0,0
黑龙江,2025,物理类,本科批,3799,西安交通工程学院,（004）,首选物理，再选化学,355,71023,,,0,陕西,民办,0,0
黑龙江,2025,物理类,本科批,3802,西安建筑科技大学华清学院,（001）,首选物理，再选化学,367,75755,,,0,陕西,民办,0,0
黑龙江,2025,物理类,本科批,3809,西安明德理工学院,（003）,首选物理，再选不限,401,66122,,,0,陕西,民办,0,0
黑龙江,2025,物理类,本科批,3809,西安明德理工学院,（004）,首选物理，再选化学,389,71799,,,0,陕西,民办,0,0
黑龙江,2025,物理类,本科批,3851,宁夏理工学院,（003）,首选物理，再选不限,352,78947,,,3,宁夏,民办,0,0
黑龙江,2025,物理类,本科批,3851,宁夏理工学院,（004）,首选物理，再选化学,340,81599,,,23,宁夏,民办,0,0
黑龙江,2025,物理类,本科批,6009,牡丹江医科大学,（003）,首选物理，再选不限,409,62502,,,0,黑龙江,公办,0,0
黑龙江,2025,物理类,本科批,6009,牡丹江医科大学,,首选物理，再选化学,427,24321,,,0,黑龙江,公办,0,0
黑龙江,2025,物理类,本科批,6009,牡丹江医科大学,,首选物理，再选化学、生物(2科必选),431,26527,,,0,黑龙江,公办,0,0
黑龙江,2025,物理类,本科提前批,1017,北京化工大学,（002）,首选物理，再选化学,580,9509,,,0,北京,公办,0,1
黑龙江,2025,物理类,本科提前批,1020,北京林业大学,（003）,首选物理，再选化学,528,20920,,,0,北京,公办,0,1
黑龙江,2025,物理类,本科提前批,1037,中国人民公安大学,,首选物理，再选化学,617,1190,,,0,北京,公办,0,0
黑龙江,2025,物理类,本科提前批,1037,中国人民公安大学,,首选物理，再选思想政治,565,2752,,,0,北京,公办,0,0
黑龙江,2025,物理类,本科提前批,1044,中国消防救援学院,,首选物理，再选化学,535,8497,,,0,北京,公办,0,0
黑龙江,2025,物理类,本科提前批,1097,中国民航大学,（003）,首选物理，再选化学,543,18673,,,0,天津,公办,0,0
黑龙江,2025,物理类,本科提前批,1287,中国刑事警察学院,,首选物理，再选化学,588,2943,,,82,辽宁,公办,0,0
黑龙江,2025,物理类,本科提前批,1287,中国刑事警察学院,,首选物理，再选思想政治,563,7181,,,11,辽宁,公办,0,0
黑龙江,2025,物理类,本科提前批,1402,哈尔滨工业大学（威海）,（001）,首选物理，再选化学,617,3653,,,0,山东,公办,1,1
黑龙江,2025,物理类,本科提前批,1421,哈尔滨师范大学,,首选物理，再选不限,510,8497,,,0,黑龙江,公办,0,0
黑龙江,2025,物理类,本科提前批,1421,哈尔滨师范大学,,首选物理，再选化学,506,6344,,,0,黑龙江,公办,0,0
黑龙江,2025,物理类,本科提前批,1421,哈尔滨师范大学,,首选物理，再选地理,502,16298,,,0,黑龙江,公办,0,0
黑龙江,2025,物理类,本科提前批,1421,哈尔滨师范大学,（067）,首选物理，再选思想政治,524,24321,,,0,黑龙江,公办,0,0
黑龙江,2025,物理类,本科提前批,1426,哈尔滨学院,,首选物理，再选化学,528,15503,,,0,黑龙江,公办,0,0
黑龙江,2025,物理类,本科提前批,1456,华东师范大学,（004）,首选物理，再选化学,597,6159,,,0,上海,公办,1,1
黑龙江,2025,物理类,本科提前批,1457,华东理工大学,（001）,首选物理，再选化学,563,11598,,,0,上海,公办,0,1
黑龙江,2025,物理类,本科提前批,1460,上海财经大学,（002）,首选物理，再选不限,600,5997,,,0,上海,公办,0,1
黑龙江,2025,物理类,本科提前批,1469,上海海事大学,（002）,首选物理，再选化学,532,18106,,,0,上海,公办,0,0
黑龙江,2025,物理类,本科提前批,1515,南京理工大学,（003）,首选物理，再选化学,579,9915,,,0,江苏,公办,0,1
黑龙江,2025,物理类,本科提前批,1521,南京师范大学,（005）,首选物理，再选不限,559,14473,,,0,江苏,公办,0,1
黑龙江,2025,物理类,本科提前批,1621,浙江警察学院,,首选物理，再选思想政治,490,12290,,,0,浙江,公办,0,0
黑龙江,2025,物理类,本科提前批,1926,华中师范大学,,首选物理，再选不限,532,2943,,,0,湖北,公办,0,1
黑龙江,2025,物理类,本科提前批,1926,华中师范大学,,首选物理，再选化学,616,3417,,,0,湖北,公办,0,1
黑龙江,2025,物理类,本科提前批,2111,北部湾大学,（001）,首选物理，再选化学,485,35295,,,0,广西,公办,0,0
黑龙江,2025,物理类,本科提前批,2330,云南警官学院,,首选物理，再选思想政治,491,13977,,,0,云南,公办,0,0
黑龙江,2025,物理类,本科提前批,6009,牡丹江医科大学,（002）,首选物理，再选化学、生物(2科必选),484,37712,,,0,黑龙江,公办,0,0
黑龙江,2025,物理类,高校专项计划批,1021,北京中医药大学,（002）,首选物理，再选化学,507,29828,,,0,北京,公办,0,1
